code,description,fileIndex,gstPercent,orderedQuantity,orderedUnitPrice,orderedTotalUnitPrice,orderedPrice,orderedTotalPrice,quantity,unitPrice,totalUnitPrice,price,totalPrice,brand,packSize,unitOfMeasure
GF1,Pies Beef (2),0,10.0,5.0,6.3182,6.95,31.5909,34.75,5.0,6.3182,6.95,31.5909,34.75,,,EACH
GF6,Pies Vegetable (2),0,10.0,5.0,6.3182,6.95,31.5909,34.75,5.0,6.3182,6.95,31.5909,34.75,,,EACH
GF22,Spinach & Fetta Turnover (3),0,10.0,5.0,5.9636,6.56,29.8182,32.8,5.0,5.9636,6.56,29.8182,32.8,,,EACH
GF120,Party Sausage Rolls (12),0,10.0,4.0,7.4636,8.21,29.8545,32.84,4.0,7.4636,8.21,29.8545,32.84,,,EACH
GF150,Bread Stick Herb,0,0.0,8.0,3.93,3.93,31.44,31.44,8.0,3.93,3.93,31.44,31.44,,,EACH
GF151,Bread Stick Garlic,0,0.0,8.0,3.93,3.93,31.44,31.44,8.0,3.93,3.93,31.44,31.44,,,EACH
GF152,Bread Sticks Plain 0x25A0,0,0.0,8.0,3.93,3.93,31.44,31.44,8.0,3.93,3.93,31.44,31.44,,,EACH
GF30,Lamington (6),0,10.0,4.0,6.3273,6.96,25.3091,27.84,4.0,6.3273,6.96,25.3091,27.84,,,EACH
GF43,' Muffins Choc Chip (2),0,10.0,5.0,4.0,4.4,20.0,22.0,5.0,4.0,4.4,20.0,22.0,,,EACH
GF44,Muffins Raspberry Delight (2),0,10.0,5.0,4.0,4.4,20.0,22.0,5.0,4.0,4.4,20.0,22.0,,,EACH
GF84,Donut-Cinnamon (8),0,10.0,10.0,5.0,5.5,50.0,55.0,10.0,5.0,5.5,50.0,55.0,,,EACH
GF85,Eclairs Custard (3),0,10.0,4.0,4.9,5.39,19.6,21.56,4.0,4.9,5.39,19.6,21.56,,,EACH
GF100,Slice - Rum & Raisin (6),0,10.0,4.0,6.4,7.04,25.6,28.16,4.0,6.4,7.04,25.6,28.16,,,EACH
GF104,Slice - Cherry (6),0,10.0,4.0,6.3818,7.02,25.5273,28.08,4.0,6.3818,7.02,25.5273,28.08,,,EACH
D,Delivery,0,10.0,2.0,16.3636,18.0,32.7273,36.0,2.0,16.3636,18.0,32.7273,36.0,,,EACH
,2NDS ASST PIES,1,10.0,15.0,10.9093333333,12.0002666667,163.64,180.004,15.0,10.9093333333,12.0002666667,163.64,180.0,,,
,2NDS ASST PIES,2,10.0,18.0,10.9088888889,11.9997777778,196.36,215.996,18.0,10.9088888889,11.9997777778,196.36,216.0,,,
00036040,FULL CREAM MILK 3LT,3,0.0,12.0,3.15,3.15,37.8,37.8,12.0,3.15,3.15,37.8,37.8,,,
00036040,FULL CREAM MILK 3LT,4,0.0,30.0,3.15,3.15,94.5,94.5,30.0,3.15,3.15,94.5,94.5,,,
00036127,LITE MILK 2LT,4,0.0,27.0,2.2,2.2,59.4,59.4,27.0,2.2,2.2,59.4,59.4,,,
00300638,THICKENED CREAM 3LT,4,0.0,12.0,8.39,8.39,100.68,100.68,12.0,8.39,8.39,100.68,100.68,,,
00036127,LITE MILK BTL 2LT,5,0.0,9.0,2.2,2.2,19.8,19.8,9.0,2.2,2.2,19.8,19.8,,,
00813676,DAIRY NATURAL YOG 5KG TUB,5,0.0,1.0,12.68,12.68,12.68,12.68,1.0,12.68,12.68,12.68,12.68,,,
00036040,FULL CREAM MILK BTL 3LT,6,0.0,18.0,3.15,3.15,56.7,56.7,18.0,3.15,3.15,56.7,56.7,,,
00036127,LITE MILK BTL 2LT,6,0.0,9.0,2.2,2.2,19.8,19.8,9.0,2.2,2.2,19.8,19.8,,,
00300638,THICKENED CREAM BTL 3LT,6,0.0,10.0,8.39,8.39,83.9,83.9,10.0,8.39,8.39,83.9,83.9,,,
,WHITE 6806M LOAF,7,0.0,2.0,2.05,2.05,4.1,4.1,2.0,2.05,2.05,4.1,4.1,,,
,WHOLEMEAL 680G LOAF,7,0.0,2.0,2.05,2.05,4.1,4.1,2.0,2.05,2.05,4.1,4.1,,,
,MULTIGRAIN 680GM LOAF,7,0.0,2.0,2.05,2.05,4.1,4.1,2.0,2.05,2.05,4.1,4.1,,,
,MEDIUM WHITE KNOT UNSEEDED,7,0.0,200.0,0.55,0.55,110.0,110.0,200.0,0.55,0.55,110.0,110.0,,,
,MINI LAM1NGTONS,7,10.0,200.0,0.5,0.55,100.0,110.0,200.0,0.5,0.55,100.0,110.0,,,
,WHITE 680GM LOAF,8,0.0,3.0,2.05,2.05,6.15,6.15,3.0,2.05,2.05,6.15,6.15,,,
,WHOLEMEAL 680G LOAF,8,0.0,3.0,2.05,2.05,6.15,6.15,3.0,2.05,2.05,6.15,6.15,,,
,MULTIGRAIN 680GM LOAF,8,0.0,3.0,2.05,2.05,6.15,6.15,3.0,2.05,2.05,6.15,6.15,,,
,7' HOT DOG ROLLS 'UN-SEEDED',8,0.0,200.0,0.55,0.55,110.0,110.0,200.0,0.55,0.55,110.0,110.0,,,
,WHITE 680GM LOAF,9,0.0,2.0,2.05,2.05,4.1,4.1,2.0,2.05,2.05,4.1,4.1,,,
,WHOLEMEAL 680G LOAF,9,0.0,2.0,2.05,2.05,4.1,4.1,2.0,2.05,2.05,4.1,4.1,,,
,MULTIGRAIN 680GM LOAF,9,0.0,2.0,2.05,2.05,4.1,4.1,2.0,2.05,2.05,4.1,4.1,,,
,MINI LAMINGTONS,9,10.0,74.0,0.5,0.55,37.0,40.7,74.0,0.5,0.55,37.0,40.7,,,
,MINI VEGEMITESCROLL,9,10.0,74.0,0.5,0.55,37.0,40.7,74.0,0.5,0.55,37.0,40.7,,,
,WHITE 680GM LOAF,10,0.0,3.0,2.05,2.05,6.15,6.15,3.0,2.05,2.05,6.15,6.15,,,
,WHOLEMEAL 680G LOAF,10,0.0,3.0,2.05,2.05,6.15,6.15,3.0,2.05,2.05,6.15,6.15,,,
,MULTIGRAIN 680GM LOAF,10,0.0,3.0,2.05,2.05,6.15,6.15,3.0,2.05,2.05,6.15,6.15,,,
,MEDIUM WHITE KNOT UNSEEDED,10,0.0,200.0,0.55,0.55,110.0,110.0,200.0,0.55,0.55,110.0,110.0,,,
,WHITE 680GM LOAF,11,0.0,3.0,2.05,2.05,6.15,6.15,3.0,2.05,2.05,6.15,6.15,,,
,WHOLEMEAL 680G LOAF,11,0.0,3.0,2.05,2.05,6.15,6.15,3.0,2.05,2.05,6.15,6.15,,,
,MULTIGRAIN 680GM LOAF,11,0.0,3.0,2.05,2.05,6.15,6.15,3.0,2.05,2.05,6.15,6.15,,,
,MINI VEGEMITE SCROLL,11,10.0,150.0,0.5,0.55,75.0,82.5,150.0,0.5,0.55,75.0,82.5,,,
,WHITE 680GM LOAF,12,0.0,3.0,2.05,2.05,6.15,6.15,3.0,2.05,2.05,6.15,6.15,,,
,WHOLEMEAL 680G LOAF,12,0.0,3.0,2.05,2.05,6.15,6.15,3.0,2.05,2.05,6.15,6.15,,,
,MULTIGRAIN 680GM LOAF,12,0.0,3.0,2.05,2.05,6.15,6.15,3.0,2.05,2.05,6.15,6.15,,,
,MEDIUM WHITE KNOT UNSEEDED,12,0.0,150.0,0.55,0.55,82.5,82.5,150.0,0.55,0.55,82.5,82.5,,,
,WHITE 6806M LOAF,13,0.0,2.0,2.05,2.05,4.1,4.1,2.0,2.05,2.05,4.1,4.1,,,
,WHOLEMEAL 680G LOAF,13,0.0,2.0,2.05,2.05,4.1,4.1,2.0,2.05,2.05,4.1,4.1,,,
,MULTIGRAIN 680GM LOAF,13,0.0,2.0,2.05,2.05,4.1,4.1,2.0,2.05,2.05,4.1,4.1,,,
,WHITE 680GM LOAF,14,0.0,3.0,2.05,2.05,6.15,6.15,3.0,2.05,2.05,6.15,6.15,,,
,WHOLEMEAL 680G LOAF,14,0.0,3.0,2.05,2.05,6.15,6.15,3.0,2.05,2.05,6.15,6.15,,,
,MULTIGRAIN 680GM LOAF,14,0.0,3.0,2.5,2.5,7.5,7.5,3.0,2.5,2.5,7.5,7.5,,,
,MEDIUM WHITE KNOT UNSEEDED,14,0.0,150.0,0.55,0.55,82.5,82.5,150.0,0.55,0.55,82.5,82.5,,,
,MINI LAMINGTONS,14,10.0,150.0,0.5,0.55,75.0,82.5,150.0,0.5,0.55,75.0,82.5,,,
,WHITE 680GM LOAF,15,0.0,2.0,2.05,2.05,4.1,4.1,2.0,2.05,2.05,4.1,4.1,,,
,WHOLEMEAL 680G LOAF,15,0.0,2.0,2.05,2.05,4.1,4.1,2.0,2.05,2.05,4.1,4.1,,,
,MULTIGRAIN 680GM LOAF,15,0.0,2.0,2.05,2.05,4.1,4.1,2.0,2.05,2.05,4.1,4.1,,,
30845,CARROT CAULIFLOWER BROCCOLI & BEANS,16,0.0,6.0,7.68,7.68,46.08,46.08,6.0,7.68,7.68,46.08,46.08,,,
109530,CHEESE BLUE .VEIN WEDGES,16,0.0,4.0,3.14,3.14,12.56,12.56,4.0,3.14,3.14,12.56,12.56,MAINLAND,100 GR,PKT
109449,CHEESE BRIE,16,0.0,4.0,2.14,2.14,8.56,8.56,4.0,2.14,2.14,8.56,8.56,PRESTIGE,125 GR,PKT
12681.,CHEESE CAMEMBERT,16,0.0,4.0,2.14,2.14,8.56,8.56,4.0,2.14,2.14,8.56,8.56,PRESTIGE,125 GR,PKT
6847,CHEESE COBRAM VINTAGE,16,0.0,2.0,5.76,5.76,11.52,11.52,2.0,5.76,5.76,11.52,11.52,DEVONDALE,250 GR,PKT
3057,CHEESE GOUDA,16,0.0,4.0,4.39,4.39,17.56,17.56,4.0,4.39,4.39,17.56,17.56,MAINLAND,250 GR,PKT
134768,DIP FRENCH ONION,16,0.0,3.0,2.09,2.09,6.27,6.27,3.0,2.09,2.09,6.27,6.27,KRAFT,185 GR,TUB
130359,DIP HOMMU5 TRADITIONAL,16,0.0,2.0,2.43,2.43,4.86,4.86,2.0,2.43,2.43,4.86,4.86,CHRIS,200 GR,TUB
31637,"GARLIC BREAD 7""",17,0.0,1.0,34.55,34.55,34.55,34.55,1.0,34.55,34.55,34.55,34.55,LAFAMIGLIA,48'S,CTN
156647,"TORTILLAS FLOUR 12""",17,0.0,3.0,4.24,4.24,12.72,12.72,3.0,4.24,4.24,12.72,12.72,CATERERS CHO,12'S,PKT
156648,TORTILLAS FLOUR 120x201D WHOLEMEAL,17,0.0,1.0,4.24,4.24,4.24,4.24,1.0,4.24,4.24,4.24,4.24,CATERERS CHO,12'S,PKT
109722,"TORTILLAS FLOUR SPINACH 12""",17,0.0,1.0,5.27,5.27,5.27,5.27,1.0,5.27,5.27,5.27,5.27,MISSION FOOD,12'S,PKT
114982,SAUSAGES BBQ THIN GAS FLUSHED (APP 5KG CTN),17,0.0,5.0,5.23,5.23,26.15,26.15,5.0,5.23,5.23,26.15,26.15,,KG,KG
122955,YOGHURT GREEK NATURAL SWEET,17,0.0,1.0,34.2,34.2,34.2,34.2,1.0,34.2,34.2,34.2,34.2,,10KG,BKT
66850,LABELS REMOVABLE 40MM SQUARE FRIDAY,17,10.0,1.0,9.58,10.538,9.58,10.538,1.0,9.58,10.538,9.58,10.54,DAYDOT,500's,EA
66846,LABELS REMOVABLE 40MM SQUARE MONDAY,17,10.0,1.0,9.58,10.538,9.58,10.538,1.0,9.58,10.538,9.58,10.54,DAYDOT,500's,EA
66849,LABELS REMOVABLE 40MM SQUARE THURSDAY,17,10.0,1.0,9.58,10.538,9.58,10.538,1.0,9.58,10.538,9.58,10.54,DAYDOT,500's,EA
66847,LABELS_REMOVABLE 40MM SQUARE TUESDAY,17,10.0,1.0,9.58,10.538,9.58,10.538,1.0,9.58,10.538,9.58,10.54,DAYDOT,500's,EA
66848,LABELS REMOVABLE 40MM SQUARE WEDNESDAY,17,10.0,1.0,9.58,10.538,9.58,10.538,1.0,9.58,10.538,9.58,10.54,DAYDOT,500's,EA
154859,PIES VEGETABLE SUPREME,19,10.0,2.0,22.2,24.42,44.4,48.84,2.0,22.2,24.42,44.4,48.84,MRS MACS,12 X 200,CTN
107035,CUPS PLASTIC WHITE 180ML,19,10.0,20.0,1.3,1.43,26.0,28.6,20.0,1.3,1.43,26.0,28.6,FOODSERVICE,50'S,SLV
56935,COOKIES ANZAC,20,10.0,2.0,41.02,45.122,82.04,90.244,2.0,41.02,45.122,82.04,90.24,BAKELS,125x40,CTN
1229S5,YOGHURT GREEK NATURAL SWEET,20,0.0,1.0,34.2,34.2,34.2,34.2,1.0,34.2,34.2,34.2,34.2,,10KG,BKT
3293,BISCUITS P/C 195 TIM TAM S/SERVE,20,10.0,2.0,42.0,46.2,84.0,92.4,2.0,42.0,46.2,84.0,92.4,ARNOTTS,150 X 18,CTN
3710,BISCUITS P/C 204 CRM CHOCOLATE / SHORTBREAD,20,10.0,1.0,35.65,39.215,35.65,39.215,1.0,35.65,39.215,35.65,39.22,ARNOTTS,150 X 32,CTN
88972,BISCUITS P/C 403 CHOC RIPPLE & BUTTERNUT SNAP,20,10.0,1.0,33.87,37.257,33.87,37.257,1.0,33.87,37.257,33.87,37.26,ARNOTTS,150 X 21,CTN
2793,CLINGWRAP DISPENSER 45CM,20,10.0,1.0,20.91,23.001,20.91,23.001,1.0,20.91,23.001,20.91,23.0,CASTAWAY,600M X 4,ROLL
2926,BROCCOLI IQF,21,0.0,6.0,9.16,9.16,54.96,54.96,6.0,9.16,9.16,54.96,54.96,EDGELL,1.5 KG,PKT
305,CAULIFLOWER,21,0.0,6.0,8.38,8.38,50.28,50.28,6.0,8.38,8.38,50.28,50.28,EDGELL,2 KG,PKT
54464,VEGETABLES SPECIALTY MEDLEY,21,0.0,2.0,25.8,25.8,51.6,51.6,2.0,25.8,25.8,51.6,51.6,FINDUS,6x1 KG,CTN
2745,ARTICHOKES MARINATED QUARTERED,22,0.0,1.0,13.38,13.38,13.38,13.38,1.0,13.38,13.38,13.38,13.38,SANDHURST,1.9 KG,JAR
129357,BAKED BEANS,22,0.0,12.0,5.23,5.23,62.76,62.76,12.0,5.23,5.23,62.76,62.76,SANDHURST,2.7 KG,CAN
39733,SAUCE PIZZA WITH SPICES,22,0.0,3.0,10.46,10.46,31.38,31.38,3.0,10.46,10.46,31.38,31.38,MUTTI,4.2 KG,CAN
144592,CREAM THICKENED,23,0.0,2.0,15.55,15.55,31.1,31.1,2.0,15.55,15.55,31.1,31.1,CATERERS CHO,4 LT,BTL
1455,MILO,23,0.0,4.0,25.88,25.88,103.52,103.52,4.0,25.88,25.88,103.52,103.52,NESTLE,1.9 KG,CAN
31405,BURGER PATTIES VEGETABLE,24,0.0,1.0,35.75,35.75,35.75,35.75,1.0,35.75,35.75,35.75,35.75,COLONIAL FAR,60 X 100,CTN
14916,CORDIAL ORANGE 25% JUICE,24,10.0,6.0,2.78,3.058,16.68,18.348,6.0,2.78,3.058,16.68,18.35,SUNSHINE,2 LT,BTL
15104,CORDIAL RASPBERRY 25% JUICE,24,10.0,6.0,2.78,3.058,16.68,18.348,6.0,2.78,3.058,16.68,18.35,SUNSHINE,2 LT,BTL
3013,DOYLEYS OVAL NO 2 170X270MM,24,10.0,1.0,5.71,6.281,5.71,6.281,1.0,5.71,6.281,5.71,6.28,CASTAWAY,250’S,BND
1682,DOYLEYS ROUND 10 250MM,24,10.0,1.0,4.88,5.368,4.88,5.368,1.0,4.88,5.368,4.88,5.37,CASTAWAY,250’S,BND
30815,PAPER EASY-BAKE 30CM DISPENSER,24,10.0,2.0,23.97,26.367,47.94,52.734,2.0,23.97,26.367,47.94,52.73,CASTAWAY,30CM X 1,ROLL
137474,BURGERS BEEF GOURMET PAR COOKED,25,0.0,2.0,65.69,65.69,131.38,131.38,2.0,65.69,65.69,131.38,131.38,CATERERS CHO,60 X 120,CTN
151717,HOTCAKES PLAIN 100MM,25,10.0,3.0,23.48,25.828,70.44,77.484,3.0,23.48,25.828,70.44,77.48,MARCELS,8 X 6TS,CTN
28173,PAVLOVA SLAB VANILLA,25,10.0,5.0,12.94,14.234,64.7,71.17,5.0,12.94,14.234,64.7,71.17,COUNTRY CHEF,1.15 KG,TRAY
322,POTATO GEMS,25,0.0,12.0,6.0,6.0,72.0,72.0,12.0,6.0,6.0,72.0,72.0,EDGELL,2 KG,PKT
140673,SCHNITZEL CHICKEN BREAST GLUTEN FREE,25,0.0,2.0,15.21,15.21,30.42,30.42,2.0,15.21,15.21,30.42,30.42,INGHAM,10 X 100,PKT
135012,5CHNITZEL CHICKEN MEDIUM,25,0.0,5.0,46.24,46.24,231.2,231.2,5.0,46.24,46.24,231.2,231.2,INGHAM,30 X 160,CTN
144529,DRESSING GREEK,26,0.0,1.0,17.32,17.32,17.32,17.32,1.0,17.32,17.32,17.32,17.32,MASTERFOODS,3 LT,BTL
94493,SAUCE MEAL SUNDRIED TOMATO & BASIL,26,0.0,2.0,16.15,16.15,32.3,32.3,2.0,16.15,16.15,32.3,32.3,MASTERFOODS,2.1K KG,JAR
160034,SAUCE TOMATO,26,0.0,2.0,8.59,8.59,17.18,17.18,2.0,8.59,8.59,17.18,17.18,MASTERFOODS,4 LT,BTL
160034,SAUCE TOMATO,26,0.0,3.0,8.59,8.59,25.77,25.77,3.0,8.59,8.59,25.77,25.77,MASTERFOODS,4 LT,BTL
11489,SEASONING MOROCCAN,26,0.0,1.0,14.66,14.66,14.66,14.66,1.0,14.66,14.66,14.66,14.66,MASTERFOODS,755 GR,CAN
FB 101,Bananas - Cavendish Carton,27,0.0,1.0,22.0,22.0,22.0,22.0,1.0,22.0,22.0,22.0,22.0,,,
FP 119,Passionfruit - Each,27,0.0,20.0,0.65,0.65,13.0,13.0,0,0.65,0.65,0.0,0.0,,,
VT 105,Tomatoes ~ Cherry Punnet,27,0.0,15.0,2.0,2.0,30.0,30.0,15.0,2.0,2.0,30.0,30.0,,,
VM 115,Mushrooms - Small Button Ctn,27,0.0,1.0,26.0,26.0,26.0,26.0,1.0,26.0,26.0,26.0,26.0,,,
VC 118,Cucumbers - Continental Bag,27,0.0,1.0,24.0,24.0,24.0,24.0,1.0,24.0,24.0,24.0,24.0,,,
VC 149,Capsicums - Red Economy Loose,27,0.0,2.492,3.95,3.95,9.8434,9.8434,2.492,3.95,3.95,9.84,9.84,,,
FA 130,Pinkiadys - Special Carton,28,0.0,1.0,34.0,34.0,34.0,34.0,1.0,34.0,34.0,34.0,34.0,,,
FM 101,Mandarins - Large Carton,28,0.0,1.0,28.0,28.0,28.0,28.0,1.0,28.0,28.0,28.0,28.0,,,
FO 105,Oranges - Bulk kgs,28,0.0,15.0,1.65,1.65,24.75,24.75,15.0,1.65,1.65,24.75,24.75,,,
PP 106,Potatoes - White Chats 20kg,28,0.0,1.0,26.0,26.0,26.0,26.0,1.0,26.0,26.0,26.0,26.0,,,
PO 103,Onions - Large Bag 20kg,28,0.0,1.0,29.5,29.5,29.5,29.5,1.0,29.5,29.5,29.5,29.5,,,
FA 130,Pinkladys - Special Carton,29,0.0,1.0,32.0,32.0,32.0,32.0,1.0,32.0,32.0,32.0,32.0,,,
FB 101,Bananas - Cavendish Carton,29,0.0,1.0,16.0,16.0,16.0,16.0,1.0,16.0,16.0,16.0,16.0,,,
FM 101,Mandarins - Large Carton,29,0.0,1.0,26.0,26.0,26.0,26.0,1.0,26.0,26.0,26.0,26.0,,,
FP 109,Pineapples Xlarge Each,29,0.0,12.0,2.5,2.5,30.0,30.0,12.0,2.5,2.5,30.0,30.0,,,
FR 105,Rockmelons - Tray,29,0.0,1.0,35.0,35.0,35.0,35.0,1.0,35.0,35.0,35.0,35.0,,,
FS 101,Strawberries - 250gm punnet,29,0.0,18.0,3.95,3.95,71.1,71.1,18.0,3.95,3.95,71.1,71.1,,,
FW102,Watermelon - Seedless,29,0.0,24.9,1.25,1.25,31.125,31.125,24.9,1.25,1.25,31.125,31.125,,,
VT 105,Tomatoes - Cherry Punnet,29,0.0,15.0,2.4,2.4,36.0,36.0,15.0,2.4,2.4,36.0,36.0,,,
VC 118,Cucumbers - Continental Bag,29,0.0,1.0,22.0,22.0,22.0,22.0,1.0,22.0,22.0,22.0,22.0,,,
VC 138,Capsicums - Green Loose,29,0.0,2.0,3.95,3.95,7.9,7.9,2.0,3.95,3.95,7.9,7.9,,,
VC 149,Capsicums - Red Economy Loose,29,0.0,2.0,3.95,3.95,7.9,7.9,2.0,3.95,3.95,7.9,7.9,,,
MM 109,Mescutin 3kg Qld.Mix Carton,29,0.0,1.0,32.0,32.0,32.0,32.0,1.0,32.0,32.0,32.0,32.0,,,
FK 101,Kiwifruit loose kg,30,0.0,1.99,3.95,3.95,7.8605,7.8605,1.99,3.95,3.95,7.86,7.86,,,
FP 119,Passionfruit - Each,30,0.0,20.0,0.65,0.65,13.0,13.0,20.0,0.65,0.65,13.0,13.0,,,
VT 101,Tomatoes - Mediums Choice Ctn,30,0.0,1.0,38.0,38.0,38.0,38.0,1.0,38.0,38.0,38.0,38.0,,,
VM 115,Mushrooms - Small Button Ctn,30,0.0,1.0,26.0,26.0,26.0,26.0,1.0,26.0,26.0,26.0,26.0,,,
VC 113,Carrots - Large Carton,30,0.0,1.0,33.0,33.0,33.0,33.0,1.0,33.0,33.0,33.0,33.0,,,
PO 103,Onions - Large Bag 20kg,30,0.0,1.0,29.5,29.5,29.5,29.5,1.0,29.5,29.5,29.5,29.5,,,
PO 105,Onions - Red Bag,30,0.0,1.0,20.0,20.0,20.0,20.0,1.0,20.0,20.0,20.0,20.0,,,
PP 106,Potatoes - White Chats 20kg,30,0.0,1.0,28.0,28.0,28.0,28.0,1.0,28.0,28.0,28.0,28.0,,,
PP 111,Potatoes - Sweet Large Carton,30,0.0,1.0,26.0,26.0,26.0,26.0,1.0,26.0,26.0,26.0,26.0,,,
MS 102,Spinach 1.5kg Premium Carton,30,0.0,1.0,18.0,18.0,18.0,18.0,1.0,18.0,18.0,18.0,18.0,,,
MM 109,Mesculin 3kg Qld Mix Carton,30,0.0,1.0,32.0,32.0,32.0,32.0,1.0,32.0,32.0,32.0,32.0,,,
FA 130,Pinkladys - Special Carton,31,0.0,1.0,30.0,30.0,30.0,30.0,1.0,30.0,30.0,30.0,30.0,,,
FB 101,Bananas - Cavendish Carton,31,0.0,1.0,22.0,22.0,22.0,22.0,1.0,22.0,22.0,22.0,22.0,,,
FM 101,Mandarins - Large Carton,31,0.0,1.0,52.0,52.0,52.0,52.0,1.0,52.0,52.0,52.0,52.0,,,
FR 105,Rockmelons - Tray,31,0.0,1.0,32.0,32.0,32.0,32.0,1.0,32.0,32.0,32.0,32.0,,,
VT 105,Tomatoes - Cherry Punnet,31,0.0,15.0,2.0,2.0,30.0,30.0,15.0,2.0,2.0,30.0,30.0,,,
VT 114,Tomatoes - Roma Economy Ctn,31,0.0,1.0,14.0,14.0,14.0,14.0,1.0,14.0,14.0,14.0,14.0,,,
VC 118,Cucumbers - Continental Bag,31,0.0,1.0,24.0,24.0,24.0,24.0,1.0,24.0,24.0,24.0,24.0,,,
PO 105,Onions - Red Bag,31,0.0,1.0,26.0,26.0,26.0,26.0,1.0,26.0,26.0,26.0,26.0,,,
MM 109,Mesculin 3kg Qld Mix Carton,31,0.0,1.0,32.0,32.0,32.0,32.0,1.0,32.0,32.0,32.0,32.0,,,
FH 102,Honeydew - Carton,31,0.0,1.0,12.0,12.0,12.0,12.0,1.0,12.0,12.0,12.0,12.0,,,
FA 130,Pinkladys - Special Carton,32,0.0,1.0,26.0,26.0,26.0,26.0,1.0,26.0,26.0,26.0,26.0,,,
FM 101,Mandarins - Large Carton,32,0.0,1.0,55.0,55.0,55.0,55.0,1.0,55.0,55.0,55.0,55.0,,,
FW 102,Watermelon - Seedless,32,0.0,2.52,1.25,1.25,3.15,3.15,2.52,1.25,1.25,3.15,3.15,,,
VT 102,Tomatoes - Medium Special Ctn,32,0.0,1.0,26.0,26.0,26.0,26.0,1.0,26.0,26.0,26.0,26.0,,,
MM 109,Mesculin 3kg Qld Mix Carton,32,0.0,1.0,32.0,32.0,32.0,32.0,1.0,32.0,32.0,32.0,32.0,,,
FR 101,Rockmelons Each,33,0.0,6.0,4.95,4.95,29.7,29.7,6.0,4.95,4.95,29.7,29.7,,,
FS 101,Strawberries - 250gm punnet,33,0.0,15.0,4.0,4.0,60.0,60.0,15.0,4.0,4.0,60.0,60.0,,,
VC 113,Carrots - Large Carton,33,0.0,1.0,38.0,38.0,38.0,38.0,1.0,38.0,38.0,38.0,38.0,,,
VM 115,Mushrooms - Small Button Ctn,33,0.0,1.0,26.0,26.0,26.0,26.0,1.0,26.0,26.0,26.0,26.0,,,
VT 105,Tomatoes - Cherry Punnet,33,0.0,15.0,2.0,2.0,30.0,30.0,15.0,2.0,2.0,30.0,30.0,,,
PP 106,Potatoes - White Chats 20kg,33,0.0,1.0,46.0,46.0,46.0,46.0,1.0,46.0,46.0,46.0,46.0,,,
PP 114,Pumpkin - Jap Each kg,33,0.0,25.465,1.4,1.4,35.651,35.651,25.465,1.4,1.4,35.65,35.65,,,
MM 109,Mesculin 3kg Qld Mix Carton,33,0.0,1.0,32.0,32.0,32.0,32.0,1.0,32.0,32.0,32.0,32.0,,,
FA 130,Pinkladys - Special Carton,34,0.0,1.0,30.0,30.0,30.0,30.0,1.0,30.0,30.0,30.0,30.0,,,
FB 110,Bananas - Cavendish 15kg,34,0.0,1.0,20.0,20.0,20.0,20.0,1.0,20.0,20.0,20.0,20.0,,,
FM 101,Mandarins - Large Carton,34,0.0,1.0,52.0,52.0,52.0,52.0,1.0,52.0,52.0,52.0,52.0,,,
FP 109,Pineapples Xlarge Each,34,0.0,12.0,2.5,2.5,30.0,30.0,12.0,2.5,2.5,30.0,30.0,,,
FS 102, Strawberrys - 500gm 2nd Grade,34,0.0,8.0,3.5,3.5,28.0,28.0,8.0,3.5,3.5,28.0,28.0,,,
FW 102,Watermelon - Seedless,34,0.0,51.205,1.25,1.25,64.00625,64.00625,51.205,1.25,1.25,64.01,64.01,,,
VC 118,Cucumbers - Continental Bag,34,0.0,1.0,20.0,20.0,20.0,20.0,1.0,20.0,20.0,20.0,20.0,,,
VS 105,Sweetcom Carton,34,0.0,2.0,28.0,28.0,56.0,56.0,2.0,28.0,28.0,56.0,56.0,,,
MM 109,Mesculin 3kg Qld Mix Carton,34,0.0,1.0,32.0,32.0,32.0,32.0,1.0,32.0,32.0,32.0,32.0,,,
VC 118,Cucumbers - Continental Bag,35,0.0,1.0,24.0,24.0,24.0,24.0,1.0,24.0,24.0,24.0,24.0,,,
VT 105,Tomatoes - Cherry Punnet,35,0.0,15.0,2.0,2.0,30.0,30.0,15.0,2.0,2.0,30.0,30.0,,,
PP 106,Potatoes - White Chats 20kg,35,0.0,1.0,56.5,56.5,56.5,56.5,1.0,56.5,56.5,56.5,56.5,,,
014011,1K(10) SMOKED SALMON PIECES,37,0.0,4.0,13.8,13.8,55.2,55.2,4.0,13.8,13.8,55.2,55.2,,,EA
090993,1K(6) FRZ F/F SLC OVN/RST CHK/MEAT,37,0.0,4.0,13.8,13.8,55.2,55.2,4.0,13.8,13.8,55.2,55.2,,,EA
021208,7K JAPANESE BREADCRUMBS HOA,37,0.0,1.0,24.51,24.51,24.51,24.51,1.0,24.51,24.51,24.51,24.51,,,EA
094748,1K(6) GREEN/BROWN LENTILS TRUMPS,37,0.0,6.0,4.59,4.59,27.54,27.54,6.0,4.59,4.59,27.54,27.54,,,EA
205085,10K GF COARSE BREADCRUMBS,37,0.0,1.0,27.94,27.94,27.94,27.94,1.0,27.94,27.94,27.94,27.94,,,EA
205557,R/W FRS MED CKD TIGER PRAWN W.A,37,0.0,10.0,24.37,24.37,243.7,243.7,10.0,24.37,24.37,243.7,243.7,,,KG
013660,2.15K(6) CHILLI TOMATO JAM KNORR,38,0.0,2.0,13.62,13.62,27.24,27.24,2.0,13.62,13.62,27.24,27.24,,,EA
015234,25(6) STL LEMON T/BAG LIPTON,38,0.0,2.0,3.98,3.98,7.96,7.96,2.0,3.98,3.98,7.96,7.96,,,EA
015235,*25(6) STL JASMINE GREEN T/BAG LIPTO,38,0.0,2.0,3.98,3.98,7.96,7.96,2.0,3.98,3.98,7.96,7.96,,,EA
029428,*1L(6} HOLLANDAISE SCE GARDE D'OR,38,0.0,2.0,9.65,9.65,19.3,19.3,2.0,9.65,9.65,19.3,19.3,,,EA
029802,2.IK(6) PROFESS MONGOLIAN SCE KNORR,38,0.0,3.0,13.48,13.48,40.44,40.44,3.0,13.48,13.48,40.44,40.44,,,EA
062289,750GX2 PUREE GARLIC KNORR,38,0.0,1.0,18.8,18.8,18.8,18.8,1.0,18.8,18.8,18.8,18.8,,,EA
075194,*2.3K(2) WHOLEGRAIN MUSTARD COLMANS,38,0.0,1.0,14.32,14.32,14.32,14.32,1.0,14.32,14.32,14.32,14.32,,,EA
076769,*500 ENVELOPE TEACUP BAG BUSHELLS,38,0.0,2.0,25.92,25.92,51.84,51.84,2.0,25.92,25.92,51.84,51.84,,,EA
076984,850G(6) THAI GREEN CURRY PASTE KNORR,38,0.0,2.0,15.75,15.75,31.5,31.5,2.0,15.75,15.75,31.5,31.5,,,EA
079675,2K(6) CHINESE SWEET SOUR SAXIMS,38,0.0,3.0,13.48,13.48,40.44,40.44,3.0,13.48,13.48,40.44,40.44,,,EA
089833,2.05K(6) CHINESE LEMON SCE SAKIMS,38,0.0,3.0,13.47,13.47,40.41,40.41,3.0,13.47,13.47,40.41,40.41,,,EA
092512,*2.9K(2) MANGO CHUTNEY PATAKS,38,0.0,1.0,27.81,27.81,27.81,27.81,1.0,27.81,27.81,27.81,27.81,,,EA
076209,* 6PKX5 GOLDEN PANCAKE TIP TOP,39,10.0,3.0,16.83,18.513,50.49,55.539,3.0,16.83,18.513,50.49,55.54,,,EA
030051,*2.5K(2) R/L MID/RASH BACON KR CASTL,39,0.0,4.0,24.9,24.9,99.6,99.6,4.0,24.9,24.9,99.6,99.6,,,EA
037639,R/W FRS BFM BOLAR BLADE 5-6K(3),39,0.0,29.0,8.35,8.35,242.15,242.15,31.65,8.35,8.35,264.28,264.28,,,KG
019527,15K TUSCANY CHOC CHIPS CADBURY,39,0.0,1.0,87.59,87.59,87.59,87.59,1.0,87.59,87.59,87.59,87.59,,,EA
076769,*500 ENVELOPE TEACUP BAG BUSHELLS,39,0.0,1.0,25.92,25.92,25.92,25.92,1.0,25.92,25.92,25.92,25.92,,,EA
212124,*1.5K(6) PEARL COUS COUS VEG EDGELL,40,0.0,6.0,10.84,10.84,65.04,65.04,0.0,10.84,10.84,0.0,0.0,,,EA
970046,COLES EXP FZNX6 HAM CHEESE CROISSANT,40,10.0,1.0,20.44,22.484,20.44,22.484,1.0,20.44,22.48,20.44,22.48,,,EA
034593,500G(7) G/FREE PLAIN FLOUR A/PURPOSE,40,0.0,4.0,2.46,2.46,9.84,9.84,4.0,2.46,2.46,9.84,9.84,,,EA
041478,*#A10(3) SLICED BEETROOT G/CIRCLE,40,0.0,1.0,7.98,7.98,7.98,7.98,1.0,7.98,7.98,7.98,7.98,,,EA
058586,A10(3) SLC PINEAPPLE THIN L/S SPC,40,0.0,1.0,10.29,10.29,10.29,10.29,1.0,10.29,10.29,10.29,10.29,,,EA
071463,2L{6} LIME MINT JULEP CORDIAL SHINGL,40,0.0,1.0,10.47,10.47,10.47,10.47,0.0,10.47,10.47,0.0,0.0,,,EA
081204,*#100GX63 P/CKD BEEF PATTIE ANG/3AY,41,0.0,1.0,70.04,70.04,70.04,70.04,1.0,70.04,70.04,70.04,70.04,,,EA
212590,175GX12 G/FREE BEEF PIE MRS MACS,41,10.0,2.0,32.85,36.135,65.7,72.27,2.0,32.85,36.135,65.7,72.27,,,EA
212591,140GX18 G/FREE BEEF VEGE ROLL MRS/M,41,10.0,2.0,39.2,43.12,78.4,86.24,2.0,39.2,43.12,78.4,86.24,,,EA
021300,lL(12) F/CKM MILK LACTOSE FREE LIDDE,41,0.0,12.0,2.226,2.226,26.71,26.71,12.0,2.226,2.226,26.71,26.71,,,EA
088516,*P/C 50(6) PLUM JAM ZOOSH,41,0.0,2.0,4.75,4.75,9.5,9.5,2.0,4.75,4.75,9.5,9.5,,,EA
017395,*#10L VANILLA ICE CREAM BULLA,42,10.0,2.0,19.45,21.395,38.9,42.79,2.0,19.45,21.395,38.9,42.79,,,EA
035986,3K{5) 100% ANGUS BEEF LASAGNE A/CHEF,42,10.0,10.0,17.7354,19.509,177.354,195.09,10.0,17.7354,19.509,177.354,195.09,,,EA
062825,100MLX30 1/C SLICES PETERS,42,10.0,4.0,11.34,12.474,45.36,49.896,4.0,11.34,12.474,45.36,49.9,,,EA
076400,*#2K(6) SPICY BATTERED WEDGE EDGELL,42,0.0,12.0,6.815,6.815,81.78,81.78,12.0,6.815,6.815,81.78,81.78,,,EA
080203,*#48 GARLIC BREAD SPLIT LA/FAMIGL1A,42,0.0,2.0,35.29,35.29,70.58,70.58,2.0,35.29,35.29,70.58,70.58,,,EA
212336,2K(6) HASH BROWN TRIANGLES MCCAIN,42,0.0,6.0,6.683,6.683,40.1,40.1,6.0,6.683,6.683,40.1,40.1,,,EA
030051,*2.5K(2) R/L MID/RASH BACON KR CASTL,42,0.0,8.0,25.611,25.611,204.89,204.89,8.0,25.611,25.611,204.89,204.89,,,EA
050915,*500(6) 1PLY WHT LUNCH SERVIETTE SIL,43,10.0,12.0,4.032,4.435,48.38,53.22,12.0,4.032,4.435,48.38,53.22,,,EA
061301,I25G(20) WATER CRACKERS ARNOTTS,43,10.0,10.0,1.495,1.645,14.95,16.45,10.0,1.495,1.645,14.95,16.45,,,EA
078491,*#2L(6) 100% L/L APPLE JCE G/CIRCLE,43,0.0,12.0,3.41,3.41,40.92,40.92,12.0,3.41,3.41,40.92,40.92,,,EA
078492,*#2L(6) 100% L/L PINE JUICE NAS G/C,43,0.0,12.0,3.51,3.51,42.12,42.12,12.0,3.51,3.51,42.12,42.12,,,EA
097607,*#2L(6) 100% L/L ORANGE JCE G/CIRCLE,43,0.0,12.0,3.204,3.204,38.45,38.45,12.0,3.204,3.204,38.45,38.45,,,EA
212221,*#I0K ARBORIO RICE EATEO,43,0.0,1.0,25.9,25.9,25.9,25.9,1.0,25.9,25.9,25.9,25.9,,,EA
017395,*#10L VANILLA ICE CREAM BULLA,44,10.0,2.0,19.45,21.395,38.9,42.79,2.0,19.45,21.395,38.9,42.79,,,EA
052278,*#5K{3) FISH SHOP CHIPS MCCAIN,44,0.0,6.0,9.97,9.97,59.82,59.82,6.0,9.97,9.97,59.82,59.82,,,EA
062527,* IK(10) MIXED BERRIES IQF G/SUPRSME,44,0.0,4.0,8.585,8.585,34.34,34.34,4.0,8.585,8.585,34.34,34.34,,,EA
076209,*6PKX5 GOLDEN PANCAKE TIP TOP,44,10.0,5.0,17.31,19.042,86.55,95.21,5.0,17.31,19.042,86.55,95.21,,,EA
030051,*2.5K(2) R/L MID/RASH BACON KR CASTL,44,0.0,5.0,25.612,25.612,128.06,128.06,5.0,25.612,25.612,128.06,128.06,,,EA
017568,40GX125 CHOC CHIP COOKIE BAKELS,45,10.0,2.0,35.25,38.775,70.5,77.55,2.0,35.25,38.775,70.5,77.55,,,EA
035986,3K(5) 100% ANGUS BEEF LASAGNE A/CHEF,45,10.0,7.0,17.736,19.51,124.15,136.57,7.0,17.736,19.51,124.15,136.57,,,EA
052278,*#5K(3) FISH SHOP CHIPS MCCAIN,45,0.0,3.0,9.97,9.97,29.91,29.91,3.0,9.97,9.97,29.91,29.91,,,EA
058420,2K(6) HASH BROWN TRIANGLE EDGELL,45,0.0,6.0,7.176,7.176,43.06,43.06,6.0,7.176,7.176,43.06,43.06,,,EA
058766,"*1DZ(12) 10"" TORTILLA FLOUR C/SELEC",45,0.0,12.0,3.7525,3.7525,45.03,45.03,12.0,3.7525,3.7525,45.03,45.03,,,EA
080343,100 JAM DONUTS PAR CKD MAYMAX,45,10.0,1.0,42.52,46.772,42.52,46.772,1.0,42.52,46.772,42.52,46.77,,,EA
085591,*#110GX24 CRUNCHY CRUMB FISH C!CATCH,45,0.0,4.0,27.555,27.555,110.22,110.22,4.0,27.555,27.555,110.22,110.22,,,EA
086645,*#1K(6) SWEET CHILLI CHKN TENDERS ST,45,0.0,18.0,12.8994,12.8994,232.19,232.19,18.0,12.8994,12.8994,232.19,232.19,,,EA
025889,*200MLX24 APPLE JCE TETRA PRIMA,45,10.0,10.0,11.497,12.647,114.97,126.47,6.0,11.497,12.647,68.982,75.88,,,EA
025890,*200MLX24 ORANGE JCE TETRA PRIMA,45,10.0,10.0,11.496,12.646,114.96,126.46,10.0,11.496,12.646,114.96,126.46,,,EA
025891,*200MLX24 TROPICAL JCE TETRA PRIMA,45,10.0,10.0,11.496,12.646,114.96,126.46,10.0,11.496,12.646,114.96,126.46,,,EA
012079,* #2K(6) PEAS EDGELL,46,0.0,4.0,6.11,6.11,24.44,24.44,4.0,6.11,6.11,24.44,24.44,,,EA
080290,*#1.5K(4) PARMESAN GRATED PERFECT,46,0.0,1.0,32.32,32.32,32.32,32.32,1.0,32.32,32.32,32.32,32.32,,,EA
085528,*2K(3) TASTY SHREDDED CHEESE D/DALE,46,0.0,2.0,16.28,16.28,32.56,32.56,2.0,16.28,16.28,32.56,32.56,,,EA
088307,*2.2L PREMIUM SOUR CREM1 BULLA,46,0.0,1.0,17.86,17.86,17.86,17.86,1.0,17.86,17.86,17.86,17.86,,,EA
027985,*P/C 4.8GX90(6) VEGEMITE 1SERV KRAFT,46,0.0,2.0,12.815,12.815,25.63,25.63,2.0,12.815,12.815,25.63,25.63,,,EA
050915,*500(6) lPLY WHT LUNCH SERVIETTE SIL,46,10.0,6.0,3.92,4.312,23.52,25.872,6.0,3.92,4.312,23.52,25.87,,,EA
072821,*#P/C 50(6) STRAWBERRY JAM ZOOSH,46,0.0,3.0,4.91,4.91,14.73,14.73,0.0,4.91,4.91,0.0,0.0,,,EA
081441,10K STICKY DATE PUDDING MIX ALLIED/M,46,0.0,1.0,35.62,35.62,35.62,35.62,1.0,35.62,35.62,35.62,35.62,,,EA
088516,*#P/C 50(6) PLUM JAM ZOOSH,46,0.0,3.0,4.44,4.44,13.32,13.32,3.0,4.44,4.44,13.32,13.32,,,EA
BROCS2.5,2.5kg STARPAK BROCCOLI,47,0.0,4.0,8.0,8.0,32.0,32.0,4.0,8.0,8.0,32.0,32.0,,,
CAULIS1,1kg STARPAK CAULIFLOWER,47,0.0,10.0,2.15,2.15,21.5,21.5,10.0,2.15,2.15,21.5,21.5,,,
CORKERS,1 kg STARPAK CORN KERNELS,47,0.0,20.0,3.2,3.2,64.0,64.0,20.0,3.2,3.2,64.0,64.0,,,
PEASS,2kg STARPAK GREEN PEAS,47,0.0,5.0,5.4,5.4,27.0,27.0,5.0,5.4,5.4,27.0,27.0,,,
MELVEG,1.5kg EDGELLS MELANGE VEGIE MIX,47,0.0,12.0,7.0,7.0,84.0,84.0,12.0,7.0,7.0,84.0,84.0,,,
ICREAM11,10lt BULLA VANILLA. ICE CREAM,47,10.0,4.0,19.4,21.34,77.6,85.36,4.0,19.4,21.34,77.6,85.36,,,
BISCREPC,150x32gm ARN CREMY CHC/SHORT CREAM BISC,47,10.0,2.0,37.2,40.92,74.4,81.84,2.0,37.2,40.92,74.4,81.84,,,
TOMDICS,A9 SH DICED TOMATOES,47,0.0,6.0,5.3,5.3,31.8,31.8,6.0,5.3,5.3,31.8,31.8,,,
PASPENSAN,10kg SR PENNE PASTA(No.18),47,0.0,0.5,17.5,17.5,8.75,8.75,0.5,17.5,17.5,8.75,8.75,,,
FOTFRESHG,12kg GC FRESH FILLET OF THIGH,48,0.0,1.0,96.0,96.0,96.0,96.0,1.0,96.0,96.0,96.0,96.0,,,
CSCHI160,30x160gm ING THIGH SCHNITZELS,49,0.0,5.0,47.5,47.5,237.5,237.5,5.0,47.5,47.5,237.5,237.5,,,
BACEVE,2.5kg KR RINDLESS BACON,49,0.0,6.0,23.2,23.2,139.2,139.2,6.0,23.2,23.2,139.2,139.2,,,
BAR190A,5x38gm LEDAGF APPLE BARS,49,10.0,6.0,4.0,4.4,24.0,26.4,6.0,4.0,4.4,24.0,26.4,,,
BAR190S,5x38gm LEDA GF STRAWBERRY BARS,49,10.0,6.0,4.0,4.4,24.0,26.4,6.0,4.0,4.4,24.0,26.4,,,
BAR190T,5x38gm LEDA GF TRIPLE BERRY BARS,49,10.0,6.0,4.0,4.4,24.0,26.4,6.0,4.0,4.4,24.0,26.4,,,
MUEBARNF,FREEDOM GF/NUT FREE MUESLI BARS,49,10.0,6.0,5.6,6.16,33.6,36.96,6.0,5.6,6.16,33.6,36.96,,,
FJ2.4BA,2.4IIBERRI APPLE JUICE,49,0.0,12.0,4.5,4.5,54.0,54.0,12.0,4.5,4.5,54.0,54.0,,,
FJ2.4BO,2.4HBERRI ORANGE JUICE,49,0.0,24.0,4.5,4.5,108.0,108.0,24.0,4.5,4.5,108.0,108.0,,,
BEABAKH,2.95kg HNZ BAKED BEANS,49,0.0,6.0,8.9,8.9,53.4,53.4,6.0,8.9,8.9,53.4,53.4,,,
SPAGl-i,2.95kg HNZ SPAGHETTI,49,0.0,6.0,8.9,8.9,53.4,53.4,6.0,8.9,8.9,53.4,53.4,,,
PEASLIH,3kg HEINZ PEACH SLICES,49,0.0,3.0,10.3,10.3,30.9,30.9,3.0,10.3,10.3,30.9,30.9,,,
PEARSLH,3kg HEINZ PEAR SLICES,49,0.0,3.0,11.3,11.3,33.9,33.9,3.0,11.3,11.3,33.9,33.9,,,
COTGIES,20lt SOLERO COTTONSEEED OIL,49,0.0,1.0,50.0,50.0,50.0,50.0,1.0,50.0,50.0,50.0,50.0,,,
CHUHIGC12,12kg GC FRESH Bl THIGHS,50,0.0,5.0,33.85,33.85,169.25,169.25,5.0,33.85,33.85,169.25,169.25,,,
RICJASR,10kg RIVIANA JASMINE RICE,51,0.0,2.0,23.4,23.4,46.8,46.8,2.0,23.4,23.4,46.8,46.8,,,
BACEVE,2.5kg KR RINDLESS BACON,51,0.0,8.0,23.2,23.2,185.6,185.6,8.0,23.2,23.2,185.6,185.6,,,
CORCOB,100s EDGELLS CORN COBETTES,51,0.0,1.0,47.8,47.8,47.8,47.8,1.0,47.8,47.8,47.8,47.8,,,
CORKERS,1 kg STARPAK CORN KERNELS,52,0.0,10.0,3.2,3.2,32.0,32.0,10.0,3.2,3.2,32.0,32.0,,,
PEAS,2kg EDGELLS GREEN PEAS,52,0.0,6.0,5.4,5.4,32.4,32.4,6.0,5.4,5.4,32.4,32.4,,,
MEDVEG,1 kg FINDUS MEDLEY VEGETABLES,52,0.0,12.0,5.3,5.3,63.6,63.6,12.0,5.3,5.3,63.6,63.6,,,
COFFEESSNI,1000X1.7gm NESCAFE B43 P/C COFFEE,52,0.0,1.0,144.4,144.4,144.4,144.4,1.0,144.4,144.4,144.4,144.4,,,
ICREAMV10,10s BULLA SPLIT VARIETY PACK,52,10.0,10.0,5.2,5.72,52.0,57.2,10.0,5.2,5.72,52.0,57.2,,,
059,192x35gm AC WHITE DINNER ROLL,52,0.0,1.0,32.7,32.7,32.7,32.7,1.0,32.7,32.7,32.7,32.7,,,
BACEVE,2.5kg KR RINDLESS BACON,52,0.0,4.0,23.2,23.2,92.8,92.8,4.0,23.2,23.2,92.8,92.8,,,
CRESOU5DF,5lt DF SOUR LIGHT CREAM,52,0.0,1.0,23.1,23.1,23.1,23.1,1.0,23.1,23.1,23.1,23.1,,,
CHODAR5,5kg NESTLE CALYPSO DARK BUTTONS,52,0.0,3.0,39.5,39.5,118.5,118.5,3.0,39.5,39.5,118.5,118.5,,,
BEESLI,2.95kg EDGELLS SLICED BEETROOT,52,0.0,2.0,7.9,7.9,15.8,15.8,2.0,7.9,7.9,15.8,15.8,,,
VEGOILC,20lt CALIBRE BLENDED VEGETABLE OIL,52,0.0,2.0,37.0,37.0,74.0,74.0,2.0,37.0,37.0,74.0,74.0,,,
RFC488,100 CA488 CATERING FQlLJdMoYSocls,52,10.0,1.0,70.6,77.66,70.6,77.66,1.0,70.6,77.66,70.6,77.66,,,
BROC,1.5kg EDGELLS BROCCOLI,53,0.0,6.0,9.2,9.2,55.2,55.2,6.0,9.2,9.2,55.2,55.2,,,
CAULI2,2kg EDGELLS CAULIFLOWER,53,0.0,6.0,7.9,7.9,47.4,47.4,6.0,7.9,7.9,47.4,47.4,,,
PEAS,2kg EDGELLS GREEN PEAS,53,0.0,6.0,5.4,5.4,32.4,32.4,6.0,5.4,5.4,32.4,32.4,,,
MEDVEG,1kg FINDUS MEDLEY VEGETABLES,53,0.0,12.0,5.3,5.3,63.6,63.6,12.0,5.3,5.3,63.6,63.6,,,
COOANZ5,5kg BAKELS ANZAC COOKIES,53,10.0,2.0,42.3,46.53,84.6,93.06,2.0,42.3,46.53,84.6,93.06,,,
COOCHOCH,5kg BAKELS CHOC CHIP COOKIES,53,10.0,2.0,44.9,49.39,89.8,98.78,2.0,44.9,49.39,89.8,98.78,,,
EDCMIXSAN,12 EDC MIXED SANDWICH,53,10.0,15.0,46.4,51.04,696.0,765.6,15.0,46.4,51.04,696.0,765.6,,,
059,192x35gm AC WHITE DINNER ROLL,53,0.0,1.0,32.7,32.7,32.7,32.7,1.0,32.7,32.7,32.7,32.7,,,
BACEVE,2.5kg KR RINDLESS BACON,53,0.0,4.0,23.2,23.2,92.8,92.8,4.0,23.2,23.2,92.8,92.8,,,
COO250CC,250gm LEDAG/F CHOC CHIP COOKIES,53,10.0,6.0,3.0,3.3,18.0,19.8,6.0,3.0,3.3,18.0,19.8,,,
FJ2APP,2ltGC PET APPLE JUICE,53,0.0,6.0,3.3,3.3,19.8,19.8,6.0,3.3,3.3,19.8,19.8,,,
FJ2BRE,2ltGC PET BREAKFAST JUICE,53,0.0,6.0,4.2,4.2,25.2,25.2,6.0,4.2,4.2,25.2,25.2,,,
FJ20RA,2lt GC PET ORANGE JUICE,53,0.0,6.0,3.3,3.3,19.8,19.8,6.0,3.3,3.3,19.8,19.8,,,
FJ2T,2lt GC PET TROPICAL JUICE,53,0.0,6.0,3.9,3.9,23.4,23.4,6.0,3.9,3.9,23.4,23.4,,,
BISCREPC,150x32gmARN CREMY CHC/SHORT CREAM BISC,53,10.0,1.0,37.2,40.92,37.2,40.92,1.0,37.2,40.92,37.2,40.92,,,
CORFLA500,500gm SANITARIUM CORN FLAKES,53,0.0,12.0,3.8,3.8,45.6,45.6,12.0,3.8,3.8,45.6,45.6,,,
WEETBIX1,1.12kg SANITARIUM WEETBIX,53,0.0,4.0,5.4,5.4,21.6,21.6,4.0,5.4,5.4,21.6,21.6,,,
VEGOILC,20lt CALIBRE BLENDED VEGETABLE OIL,53,0.0,3.0,37.0,37.0,111.0,111.0,3.0,37.0,37.0,111.0,111.0,,,
CW45D,600mx45cm CA CLINGWRAP DISPENSER,53,10.0,1.0,22.6,24.86,22.6,24.86,1.0,22.6,24.86,22.6,24.86,,,
9RND,"50 9"" PLASTIC DINNER PLATES",53,10.0,10.0,4.8,5.28,48.0,52.8,10.0,4.8,5.28,48.0,52.8,,,
BB,45x11 Ogm CAVOS CHICKEN BREAST BURGERS,54,0.0,1.0,54.0,54.0,54.0,54.0,1.0,54.0,54.0,54.0,54.0,,,
FOTFRESHG,12kg GC FRESH FILLET OF THIGH,55,0.0,1.0,96.0,96.0,96.0,96.0,1.0,96.0,96.0,96.0,96.0,,,
059,192x35gmAC WHITE DINNER ROLL,56,0.0,1.0,32.7,32.7,32.7,32.7,1.0,32.7,32.7,32.7,32.7,,,
BACEVE,2.5kg KR RINDLESS BACON,56,0.0,6.0,23.2,23.2,139.2,139.2,6.0,23.2,23.2,139.2,139.2,,,
GARLICW,2kg WFG FRESH MINCED GARLIC,56,0.0,1.0,11.0,11.0,11.0,11.0,1.0,11.0,11.0,11.0,11.0,,,
CORFLA260,260gm FREEDOM CORN FLAKES,56,0.0,2.0,4.05,4.05,8.1,8.1,2.0,4.05,4.05,8.1,8.1,,,
MUE500,500gm FREEDOM GF/WF MUESLI WITH PSYLLIUM,56,0.0,2.0,6.4,6.4,12.8,12.8,2.0,6.4,6.4,12.8,12.8,,,
CAKM1X375C,375gm ORGRAN CHOC CAKE MIX ,56,0.0,8.0,4.2,4.2,33.6,33.6,8.0,4.2,4.2,33.6,33.6,,,
CAKMIX375V,375gm ORGRAN VANILLA CAKE MIX,56,0.0,8.0,4.2,4.2,33.6,33.6,8.0,4.2,4.2,33.6,33.6,,,
CAKMIX45OM,450gm NATURALLY GOOD CHOC MUD CAKE MIX,56,0.0,4.0,5.0,5.0,20.0,20.0,4.0,5.0,5.0,20.0,20.0,,,
PANMIX375A,375gm ORGRAN APPLE/CINNAMON PANCAKE MIX-,56,0.0,8.0,3.5,3.5,28.0,28.0,8.0,3.5,3.5,28.0,28.0,,,
EGGPLA200,200gm ORGRAN NO EGG REPLACER,56,0.0,8.0,3.8,3.8,30.4,30.4,8.0,3.8,3.8,30.4,30.4,,,
FALMIX200,200gm ORGRAN FALAFEL MIX,56,0.0,8.0,3.7,3.7,29.6,29.6,8.0,3.7,3.7,29.6,29.6,,,
FJ2.4BA,2.4lt BERRI APPLE JUICE^,56,0.0,6.0,4.5,4.5,27.0,27.0,6.0,4.5,4.5,27.0,27.0,,,
FJ2BRE,2IIGC PET BREAKFAST JUICE,56,0.0,6.0,4.2,4.2,25.2,25.2,6.0,4.2,4.2,25.2,25.2,,,
FJ20RA,2ltGC PET ORANGE JUICE,56,0.0,6.0,3.3,3.3,19.8,19.8,6.0,3.3,3.3,19.8,19.8,,,
COGPOPS,6x1kg KELLOGGS COCO POPS,56,0.0,1.0,71.7,71.7,71.7,71.7,1.0,71.7,71.7,71.7,71.7,,,
JUSRIG1,6x1 kg KELLOGGS JUST RIGHT,56,0.0,1.0,64.7,64.7,64.7,64.7,1.0,64.7,64.7,64.7,64.7,,,
SELFLOCL,12.5kg SELF RAISING FLOUR,56,0.0,1.0,13.2,13.2,13.2,13.2,1.0,13.2,13.2,13.2,13.2,,,
PLAFLOCL,12.5kg PLAIN FLOUR,56,0.0,1.0,13.2,13.2,13.2,13.2,1.0,13.2,13.2,13.2,13.2,,,
COTOILS,20lt SOLERO COTTONSEED OIL,56,0.0,2.0,50.0,50.0,100.0,100.0,2.0,50.0,50.0,100.0,100.0,,,
23-GVMLP,Gloves VINYL Low Powder Med,58,10.0,2.0,4.5,4.95,9.0,9.9,2.0,4.5,4.95,9.0,9.9,,,
23-GVXLLP,Gloves VINYL Low Powder XL,58,10.0,6.0,4.5,4.95,27.0,29.7,6.0,4.5,4.95,27.0,29.7,,,
23-GVLLP,Gloves VINYL Low Powder Large,58,10.0,2.0,4.5,4.95,9.0,9.9,2.0,4.5,4.95,9.0,9.9,,,
19-RD132,Docket Book 132 Dup Carbonless 50pg. T/Away,58,10.0,6.0,1.2,1.32,7.2,7.92,6.0,1.2,1.32,7.2,7.92,,,
12-MCW,Singlet Bags White Medium - 250's,58,10.0,1.0,4.15,4.565,4.15,4.565,1.0,4.15,4.565,4.15,4.57,,,
08-PIZ15PB,"Pizza Box Brown 15"" Perfect Bite 50's",58,10.0,5.0,24.85,27.335,124.25,136.675,5.0,24.85,27.335,124.25,136.68,,,
08-PILLARS,Pizza Box Pillars,58,10.0,1.0,47.45,52.195,47.45,52.195,1.0,47.45,52.195,47.45,52.2,,,
04-6620DLMAR.,Food Bowl 20oz Dome Lid Mar 50,58,10.0,1.0,16.55,18.21,16.55,18.21,1.0,16.555,18.21,16.555,18.21,,,
01-CB20,Brilliant Auto Dish Wash 20L,58,10.0,1.0,77.0,84.7,77.0,84.7,1.0,77.0,84.7,77.0,84.7,,,
08-PILLARS,Pizza Box Pillars,59,10.0,1.0,47.45,52.195,47.45,52.195,1.0,47.45,52.195,47.45,52.2,,,
23-GVMLP,Gloves Low Powder VINYL Med,59,10.0,1.0,4.5,4.95,4.5,4.95,1.0,4.5,4.95,4.5,4.95,,,
23-GVXLLP,Gloves Low Powder VINYL XLge,59,10.0,5.0,4.5,4.95,22.5,24.75,5.0,4.5,4.95,22.5,24.75,,,
23-GVLLP,Gloves Low Powder VINYL Large,59,10.0,1.0,4.5,4.95,4.5,4.95,1.0,4.5,4.95,4.5,4.95,,,
19-RD132,Docket Book 132 Dup Carbonless 50pg. T/Away,59,10.0,3.0,1.2,1.32,3.6,3.96,3.0,1.2,1.32,3.6,3.96,,,
08-PIZ15PB,"Pizza Box Brown 15"" Perfect Bite 50's",59,10.0,6.0,24.85,27.335,149.1,164.01,6.0,24.85,27.335,149.1,164.01,,,
03-GRLID70-150,Genfac Round LID suit 70-150ml 50's,59,10.0,1.0,2.4,2.64,2.4,2.64,1.0,2.4,2.64,2.4,2.64,,,
03-GR70,Genfac Round 70ml Container 50's,59,10.0,1.0,3.5,3.85,3.5,3.85,1.0,3.5,3.85,3.5,3.85,,,
01-CSUP5,Supremo Heavy Duty Cleaner 5L,59,10.0,1.0,18.95,20.85,18.95,20.85,1.0,18.95,20.85,18.95,20.85,,,
01-CGC5,Green Clean Detergent 5L,59,10.0,1.0,10.6,11.66,10.6,11.66,1.0,10.6,11.66,10.6,11.66,,,
01-CJR20,Jet Rinse Aid 20L,59,10.0,1.0,77.0,84.7,77.0,84.7,1.0,77.0,84.7,77.0,84.7,,,
23-GVLLP,Gloves Low Powder VINYL Large,60,10.0,2.0,4.5,4.95,9.0,9.9,2.0,4.5,4.95,9.0,9.9,,,
23-GVXLLP,Gloves Low Powder VINYL XLge,60,10.0,5.0,4.5,4.95,22.5,24.75,5.0,4.5,4.95,22.5,24.75,,,
23-GVMLP,Gloves Low Powder VINYL Med,60,10.0,1.0,4.5,4.95,4.5,4.95,1.0,4.5,4.95,4.5,4.95,,,
19-RD132,Docket Book 132 Dup Carbonless 50pg. T/Away,60,10.0,10.0,1.2,1.32,12.0,13.2,10.0,1.2,1.32,12.0,13.2,,,
15-C-ND0151,Dispenser Napkin Capri DFold 250,60,10.0,2.0,1.75,1.925,3.5,3.85,2.0,1.75,1.925,3.5,3.85,,,
08-PIZ15PB,"Pizza Box Brown 15"" Perfect Bite 50's",60,10.0,5.0,24.85,27.335,124.25,136.675,5.0,24.85,27.335,124.25,136.68,,,
04-6620DLMAR.,Food Bowl 20oz Dome Lid Mar 50,60,10.0,1.0,16.55,18.21,16.555,18.21,1.0,16.555,18.21,16.555,18.21,,,
02-CAWIPEBlue,Wipes H.D. Roll BLUE CA,60,10.0,1.0,19.05,20.96,19.05,20.96,1.0,19.05,20.96,19.05,20.96,,,
23-GVMLP,Gloves Low Powder VINYL Med,61,10.0,2.0,4.5,4.95,9.0,9.9,2.0,4.5,4.95,9.0,9.9,,,
23-GVXLLP,Gloves Low Powder VINYL XLge,61,10.0,5.0,4.5,4.95,22.5,24.75,5.0,4.5,4.95,22.5,24.75,,,
23-GVLLP,Gloves Low Powder VINYL Large,61,10.0,2.0,4.5,4.95,9.0,9.9,2.0,4.5,4.95,9.0,9.9,,,
19-RD132,Docket Book 132 Dup Carbonless 50pg. T/Away,61,10.0,6.0,1.2,1.32,7.2,7.92,6.0,1.2,1.32,7.2,7.92,,,
12-MCW,Singlet Bags White Medium - 25Q's,61,10.0,1.0,4.15,4.565,4.15,4.565,1.0,4.15,4.565,4.15,4.57,,,
08-PIZ15PB,"Pizza Box Brown 15"" Perfect Bite 50‘s",61,10.0,4.0,24.85,27.335,99.4,109.34,4.0,24.85,27.335,99.4,109.34,,,
08-PILLARS,Pizza Box Pillars,61,10.0,1.0,47.45,52.195,47.45,52.195,1.0,47.45,52.195,47.45,52.2,,,
25-MASK,Masking Tape 24mm X 50m Each,62,10.0,1.0,5.0,5.5,5.0,5.5,1.0,5.0,5.5,5.0,5.5,,,
23-GVLLP,Gloves Low Powder VINYL Large,62,10.0,3.0,4.5,4.95,13.5,14.85,3.0,4.5,4.95,13.5,14.85,,,
23-GVXLLP,Gloves Low Powder VINYL XLge,62,10.0,6.0,4.5,4.95,27.0,29.7,6.0,4.5,4.95,27.0,29.7,,,
19-RD132,Docket Book 132 Dup Carbonless 50pg. T/Away,62,10.0,5.0,1.2,1.32,6.0,6.6,5.0,1.2,1.32,6.0,6.6,,,
08-PIZ9PB,"Pizza Box Brown 9"" Perfect Bite 100's",62,10.0,1.0,24.2,26.62,24.2,26.62,1.0,24.2,26.62,24.2,26.62,,,
12-LDBIN82HP,Bin Liner 82L HD Handy Pack 100's,62,10.0,1.0,18.2,20.02,18.2,20.02,1.0,18.2,20.02,18.2,20.02,,,
08-PIZ15PB,"Pizza Box Brown 15"" Perfect Bite 50's",62,10.0,5.0,24.85,27.335,124.25,136.675,5.0,24.85,27.335,124.25,136.68,,,
03-PCSQ4.5L,Square 4.5L Container With Lid Each,62,10.0,3.0,2.4,2.64,7.2,7.92,3.0,2.4,2.64,7.2,7.92,,,
03-PCSQ3.15L,Square 3.15L Container With Lid Each,62,10.0,3.0,2.1,2.31,6.3,6.93,3.0,2.1,2.31,6.3,6.93,,,
02-SSS,Stainless Steel Scourer 50g,62,10.0,2.0,2.2,2.42,4.4,4.84,2.0,2.2,2.42,4.4,4.84,,,
02-GSS,Green Scourer Small,62,10.0,4.0,0.8,0.88,3.2,3.52,4.0,0.8,0.88,3.2,3.52,,,
23-GVXLLP,Gloves Low Powder VINYL XLge,63,10.0,5.0,4.5,4.95,22.5,24.75,5.0,4.5,4.95,22.5,24.75,,,
23-GVMLP,Gloves Low Powder VINYL Med,63,10.0,1.0,4.5,4.95,4.5,4.95,1.0,4.5,4.95,4.5,4.95,,,
23-GVLLP,Gloves Low Powder VINYL Large,63,10.0,1.0,4.5,4.95,4.5,4.95,1.0,4.5,4.95,4.5,4.95,,,
I9-RD132,Docket Book 132 Dup Carbonless 50pg. T/Away,63,10.0,10.0,1.2,1.32,12.0,13.2,10.0,1.2,1.32,12.0,13.2,,,
20-PC225PL8,Plastic Cup 08oz/225ml - 50's,63,10.0,1.0,2.75,3.03,2.75,3.03,1.0,2.75,3.03,2.75,3.03,,,
12-MCW,Singlet Bags White Medium - 250's,63,10.0,1.0,4.15,4.565,4.15,4.565,1.0,4.15,4.565,4.15,4.57,,,
14-EB30,Easybake Baking Paper 30cm x 120m,63,10.0,1.0,23.95,26.35,23.95,26.35,1.0,23.95,26.35,23.95,26.35,,,
08-PIZ15PB,"Pizza Box Brown 15"" Perfect Bite 50's t/",63,10.0,4.0,24.85,27.335,99.4,109.34,4.0,24.85,27.335,99.4,109.34,,,
08-PILLARS,Pizza Box Pillars,63,10.0,1.0,47.45,52.195,47.45,52.195,1.0,47.45,52.195,47.45,52.2,,,
01-CLP,Laundry Powder 10kg,63,10.0,1.0,29.75,32.725,29.75,32.725,1.0,29.75,32.725,29.75,32.73,,,
08-PIZ9PB,"Pizza Box Brown 9"" Perfect Bite 100’s",64,10.0,1.0,24.2,26.62,24.2,26.62,1.0,24.2,26.62,24.2,26.62,,,
23-GVXLLP,Gloves Low Powder VINYL XLge,64,10.0,6.0,4.5,4.95,27.0,29.7,6.0,4.5,4.95,27.0,29.7,,,
23-GVLLP,Gloves Low Powder VINYL Large LS,64,10.0,2.0,4.5,4.95,9.0,9.9,2.0,4.5,4.95,9.0,9.9,,,
23-GVMLP,Gloves Low Powder VINYL Med,64,10.0,1.0,4.5,4.95,4.5,4.95,1.0,4.5,4.95,4.5,4.95,,,
08-PIZ15PB,Pizza Box Brown 15” Perfect Bite 50's,64,10.0,4.0,24.85,27.335,99.4,109.34,4.0,24.85,27.335,99.4,109.34,,,
12-LDB1N82HP,Bin Liner 82L HD Handy Pack 100’s,64,10.0,1.0,18.2,20.02,18.2,20.02,1.0,18.2,20.02,18.2,20.02,,,
08-PILLARS,Pizza Box Pillars,64,10.0,1.0,43.8,48.18,43.8,48.18,1.0,43.8,48.18,43.8,48.18,,,
03-GRLID70-150,Genfac Round LID suit 70-150ml 50's,64,10.0,1.0,2.4,2.64,2.4,2.64,1.0,2.4,2.64,2.4,2.64,,,
03-GR70,Genfac Round 70ml Container 50's,64,10.0,1.0,3.5,3.85,3.5,3.85,1.0,3.5,3.85,3.5,3.85,,,
02-TTR,Tea Towel Regular 12,64,10.0,1.0,12.0,13.2,12.0,13.2,1.0,12.0,13.2,12.0,13.2,,,
23-GVXLLP,Gloves Low Powder VINYL XLge,65,10.0,3.0,4.5,4.95,13.5,14.85,3.0,4.5,4.95,13.5,14.85,,,
23-GVMLP,Gloves Low Powder VINYL Med,65,10.0,1.0,4.5,4.95,4.5,4.95,1.0,4.5,4.95,4.5,4.95,,,
23-GVLLP,Gloves Low Powder VINYL Large,65,10.0,3.0,4.5,4.95,13.5,14.85,3.0,4.5,4.95,13.5,14.85,,,
19-RD132,Docket Book 132 Dup Carbonless 50pg. T/Away,65,10.0,6.0,1.2,1.32,7.2,7.92,6.0,1.2,1.32,7.2,7.92,,,
08-PIZ9PB,"Pizza Box Brown 9"" Perfect Bite 100's",65,10.0,1.0,24.2,26.62,24.2,26.62,1.0,24.2,26.62,24.2,26.62,,,
08-PIZ15PB,"Pizza Box Brown 15"" Perfect Bite 50's",65,10.0,4.0,24.85,27.335,99.4,109.34,4.0,24.85,27.335,99.4,109.34,,,
01-CB20,Brilliant Auto Dish Wash 20L,65,10.0,1.0,77.0,84.7,77.0,84.7,1.0,77.0,84.7,77.0,84.7,,,
23-GVXLLP,Gloves Low Powder VINYL XLge,66,10.0,5.0,4.5,4.95,22.5,24.75,5.0,4.5,4.95,22.5,24.75,,,
23-GVMLP,Gloves Low Powder VINYL Med,66,10.0,1.0,4.5,4.95,4.5,4.95,1.0,4.5,4.95,4.5,4.95,,,
08-PILLARS,Pizza Box Pillars,66,10.0,1.0,47.45,52.195,47.45,52.195,1.0,47.45,52.195,47.45,52.2,,,
23-GVLLP,Gloves Low Powder VINYL Large,66,10.0,2.0,4.5,4.95,9.0,9.9,2.0,4.5,4.95,9.0,9.9,,,
19-RD132,Docket Book 132 Dup Carbonless 50pg. T/Away,66,10.0,6.0,1.2,1.32,7.2,7.92,6.0,1.2,1.32,7.2,7.92,,,
08-PIZ15PB,"Pizza Box Brown 15"" Perfect Bite 50‘s",66,10.0,4.0,24.85,27.335,99.4,109.34,4.0,24.85,27.335,99.4,109.34,,,
0I-CGC5,Green Clean Detergent 5L,66,10.0,1.0,10.05,11.06,10.05,11.06,1.0,10.05,11.06,10.05,11.06,,,
23-GVMLP,Gloves Low Powder VINYL Med,67,10.0,1.0,4.5,4.95,4.5,4.95,1.0,4.5,4.95,4.5,4.95,,,
23-GVLLP,Gloves Low Powder VINYL Large,67,10.0,1.0,4.5,4.95,4.5,4.95,1.0,4.5,4.95,4.5,4.95,,,
23-GVXLLP,Gloves Low Powder VINYL XLge,67,10.0,5.0,4.5,4.95,22.5,24.75,5.0,4.5,4.95,22.5,24.75,,,
19-RD132,Docket Book 132 Dup Carbonless 50pg. T/Away,67,10.0,5.0,1.2,1.32,6.0,6.6,5.0,1.2,1.32,6.0,6.6,,,
12-LDBIN82HP,Bin Liner 82L HD Handy Pack 100's,67,10.0,1.0,18.2,20.02,18.2,20.02,1.0,18.2,20.02,18.2,20.02,,,
12-MCW,Singlet Bags White Medium - 250's,67,10.0,1.0,4.15,4.565,4.15,4.565,1.0,4.15,4.565,4.15,4.57,,,
08-PIZ15PB,"Pizza Box Brown 15"" Perfect Bite 50's",67,10.0,5.0,24.85,27.335,124.25,136.675,5.0,24.85,27.335,124.25,136.68,,,
04-6620DLMAR.,Food Bowl 20oz Dome Lid Mar 50,67,10.0,1.0,16.55,18.21,16.55,18.21,1.0,16.55,18.21,16.55,18.21,,,
02-CAWIPEBlue,Wipes H.D. Roll BLUE CA,67,10.0,1.0,19.05,20.96,19.05,20.96,1.0,19.05,20.96,19.05,20.96,,,
19-RD132,Docket Book 132 Dup Carbonless 50pg. T/Away,68,10.0,12.0,1.2,1.32,14.4,15.84,12.0,1.2,1.32,14.4,15.84,,,
23-GVXLLP,Gloves Low Powder VINYL XLge,68,10.0,5.0,4.5,4.95,22.5,24.75,5.0,4.5,4.95,22.5,24.75,,,
23-GVLLP,Gloves Low Powder VINYL Large,68,10.0,3.0,4.5,4.95,13.5,14.85,3.0,4.5,4.95,13.5,14.85,,,
20-PC225PL8,Plastic Cup 08oz/225ml - 50's,68,10.0,1.0,2.75,3.03,2.75,3.03,1.0,2.75,3.03,2.75,3.03,,,
08-PIZ15PB,"Pizza Box Brown 15"" Perfect Bite 50's",68,10.0,4.0,24.85,27.335,99.4,109.34,4.0,24.85,27.335,99.4,109.34,,,
02-SSS,Stainless Steel Scourer 50g,68,10.0,2.0,2.2,2.42,4.4,4.84,2.0,2.2,2.42,4.4,4.84,,,
02-GSS,Green Scourer Small,68,10.0,5.0,0.8,0.88,4.0,4.4,5.0,0.8,0.88,4.0,4.4,,,
24-SB500ml,Spray Bottle 500ml,69,10.0,2.0,2.05,2.255,4.1,4.51,2.0,2.05,2.255,4.1,4.51,,,
24-SNOZ,Spray Nozzle,69,10.0,4.0,1.5,1.65,6.0,6.6,4.0,1.5,1.65,6.0,6.6,,,
24-SB1L,Spray Bottle 1L,69,10.0,2.0,2.7,2.97,5.4,5.94,2.0,2.7,2.97,5.4,5.94,,,
23-GVLLP,Gloves Low Powder VINYL Large,69,10.0,2.0,4.5,4.95,9.0,9.9,2.0,4.5,4.95,9.0,9.9,,,
23-GVMLP,Gloves Low Powder VINYL Med,69,10.0,1.0,4.5,4.95,4.5,4.95,1.0,4.5,4.95,4.5,4.95,,,
19-RD132,Docket Book 132 Dup Carbonless 50pg. T/Away,69,10.0,6.0,1.2,1.32,7.2,7.92,6.0,1.2,1.32,7.2,7.92,,,
23-GVXLLP,Gloves Low Powder VINYL XLge,69,10.0,6.0,4.5,4.95,27.0,29.7,6.0,4.5,4.95,27.0,29.7,,,
08-PIZ15PB,"Pizza Box Brown 15"" Perfect Bite 50's",69,10.0,5.0,24.85,27.335,124.25,136.675,5.0,24.85,27.335,124.25,136.68,,,
,Pomace Olive Oil 4lt,70,0.0,1.0,18.6,18.6,18.6,18.6,1.0,18.6,18.6,18.6,18.6,ANTO,,
,Tomato Pulp BULK #38110kg,70,0.0,2.0,16.9,16.9,33.8,33.8,2.0,16.9,16.9,33.8,33.8,PRONF,,
,Fire Roast Pepper STRIP 4.2kg,70,0.0,3.0,13.9,13.9,41.7,41.7,3.0,13.9,13.9,41.7,41.7,NESTO,,
,BBQ Sauce 3lt,70,0.0,1.0,8.15,8.15,8.15,8.15,1.0,8.15,8.15,8.15,8.15,SUNSH,,
,Pineapple Pizza Cut Tidbit A10,70,0.0,12.0,5.25,5.25,63.0,63.0,12.0,5.25,5.25,63.0,63.0,GBELO,,
,"BROWN Pizza Box 100x12""",70,10.0,3.0,30.0,33.0,90.0,99.0,3.0,30.0,33.0,90.0,99.0,PERFE,,
,"Pizza InsertIO"" Cardboard100s",70,10.0,5.0,9.38,10.318,46.9,51.59,5.0,9.38,10.318,46.9,51.59,FIRST,,
,Mozzarella Traditional [6x2kg],70,0.0,7.0,97.0,97.0,679.0,679.0,7.0,97.0,97.0,679.0,679.0,ALESS,,
,Cream Thickened Caterers 5lt,70,0.0,4.0,16.9,16.9,67.6,67.6,4.0,16.9,16.9,67.6,67.6,D/FAR,,
,Semi Dried Tomato 5kg,70,0.0,1.0,43.75,43.75,43.75,43.75,1.0,43.75,43.75,43.75,43.75,GLOBL,,
,"Gnocchi ""Grooves"" Potato 1kg",70,0.0,4.0,6.95,6.95,27.8,27.8,4.0,6.95,6.95,27.8,27.8,ZINI,,
,Prawn Meat 31/40 GARLIC 1kg,70,0.0,4.0,19.7525,19.7525,79.01,79.01,4.0,19.7525,19.7525,79.01,79.01,NEPTU,,
,"Tomatoes Crushed ""BULK10kgSUB",71,0.0,2.0,18.45,18.45,36.9,36.9,2.0,18.45,18.45,36.9,36.9,FIAMA,,
,Mushroom Forest Mix 500g,71,0.0,1.0,41.2,41.2,41.2,41.2,1.0,41.2,41.2,41.2,41.2,WILDM,,
,Vinegar Balsamic 5lt,71,0.0,1.0,17.54,17.54,17.54,17.54,1.0,17.54,17.54,17.54,17.54,TOSCH,,
,Yeast Dry ANGEST 500g,71,0.0,4.0,3.33,3.33,13.32,13.32,4.0,3.33,3.33,13.32,13.32,ANGES,,
,Pineapple Pizza Cut Tidbit A10,71,0.0,6.0,5.25,5.25,31.5,31.5,6.0,5.25,5.25,31.5,31.5,GBELO,,
,BROWN Pizza Box 100x12”,71,10.0,2.0,30.0,33.0,60.0,66.0,2.0,30.0,33.0,60.0,66.0,PERFE,,
,"Pizza InsertIO"" Cardboard100s",71,10.0,4.0,9.3795,10.3175,37.5182,41.27,4.0,9.3795,10.3175,37.5182,41.27,FIRST,,
,Mozzarella Traditional [6x2kg],71,0.0,5.0,97.0,97.0,485.0,485.0,5.0,97.0,97.0,485.0,485.0,ALESS,,
,Cream Sour Lite 2lt,71,0.0,1.0,12.16,12.16,12.16,12.16,1.0,12.16,12.16,12.16,12.16,D/FAR,,
,Cream Thickened Caterers 5lt,71,0.0,3.0,16.9,16.9,50.7,50.7,3.0,16.9,16.9,50.7,50.7,D/FAR,,
,Semi Dried Tomato 5kg,71,0.0,1.0,43.75,43.75,43.75,43.75,1.0,43.75,43.75,43.75,43.75,GLOBL,,
,"Gnocchi ""Grooves"" Potato 1kg",71,0.0,2.0,6.95,6.95,13.9,13.9,2.0,6.95,6.95,13.9,13.9,ZINI,,
,Fire Roast Pepper STRIP 4.2kg,72,0.0,1.0,13.9,13.9,13.9,13.9,1.0,13.9,13.9,13.9,13.9,NESTO,,
,Mozzarella Traditional [6x2kg],72,0.0,4.0,97.0,97.0,388.0,388.0,4.0,97.0,97.0,388.0,388.0,ALESS,,
,Cream Thickened Caterers 5lt,72,0.0,1.0,16.9,16.9,16.9,16.9,1.0,16.9,16.9,16.9,16.9,D/FAR,,
,Prawn Meat 31/40 GARLIC 1kg,72,0.0,4.0,19.7525,19.7525,79.01,79.01,4.0,19.7525,19.7525,79.01,79.01,NEPTU,,
,Pomace Olive Oil 4lt,73,0.0,1.0,18.6,18.6,18.6,18.6,1.0,18.6,18.6,18.6,18.6,ANTO,,
,"Tomatoes Crushed ""BULK"" 10kg",73,0.0,3.0,14.0,14.0,42.0,42.0,3.0,14.0,14.0,42.0,42.0,ANTO,,
,Fire Roast Pepper STRIP 4.2kg,73,0.0,2.0,13.9,13.9,27.8,27.8,2.0,13.9,13.9,27.8,27.8,NESTO,,
,BBQ Sauce 3lt,73,0.0,2.0,8.15,8.15,16.3,16.3,2.0,8.15,8.15,16.3,16.3,SUNSH,,
,"BROWN Pizza Box 100x12""",73,10.0,2.0,30.0,33.0,60.0,66.0,2.0,30.0,33.0,60.0,66.0,PERFE,,
,"Pizza InsertIO"" Cardboard100s",73,10.0,4.0,9.3795,10.3175,37.5182,41.27,4.0,9.3795,10.3175,37.5182,41.27,FIRST,,
,Mozzarella Traditional [6x2kg],73,0.0,6.0,97.0,97.0,582.0,582.0,6.0,97.0,97.0,582.0,582.0,ALESS,,
,Cream Thickened Caterers 5lt,73,0.0,4.0,16.9,16.9,67.6,67.6,4.0,16.9,16.9,67.6,67.6,D/FAR,,
,Anchovie Tin Oil 720g [Italy],73,0.0,1.0,13.95,13.95,13.95,13.95,1.0,13.95,13.95,13.95,13.95,ALPI,,
,Sweet Chilli Sauce 4.5lt,74,0.0,1.0,16.88,16.88,16.88,16.88,1.0,16.88,16.88,16.88,16.88,MPLOY,,
,Vinegar Balsamic 5lt,74,0.0,1.0,17.54,17.54,17.54,17.54,1.0,17.54,17.54,17.54,17.54,TOSCH,,
,"BROWN Pizza Box 100x12""",74,10.0,1.0,30.0,33.0,30.0,33.0,1.0,30.0,33.0,30.0,33.0,PERFE,,
,"Pizza InsertIO"" Cardboard100s",74,10.0,1.0,9.3818,10.32,9.3818,10.32,1.0,9.3818,10.32,9.3818,10.32,FIRST,,
,Mozzarella Traditional [6x2kg],74,0.0,5.0,97.0,97.0,485.0,485.0,5.0,97.0,97.0,485.0,485.0,ALESS,,
,Cream Thickened Caterers 5lt,74,0.0,1.0,16.9,16.9,16.9,16.9,1.0,16.9,16.9,16.9,16.9,D/FAR,,
,Semi Dried Tomato 5kg,74,0.0,1.0,43.75,43.75,43.75,43.75,1.0,43.75,43.75,43.75,43.75,GLOBL,,
,Prawn Meat 31/40 GARLIC 1kg,74,0.0,2.0,19.755,19.755,39.51,39.51,2.0,19.755,19.755,39.51,39.51,NEPTU,,
,Pomace Olive Oil 4lt,75,0.0,1.0,17.0,17.0,17.0,17.0,1.0,17.0,17.0,17.0,17.0,ANTO,,
,"Tomatoes Crushed ""BULK"" 10kg",75,0.0,3.0,18.447,18.447,55.34,55.34,3.0,18.447,18.447,55.34,55.34,FIAMA,,
,Fire Roast Pepper STRIP 4.2kg,75,0.0,2.0,13.9,13.9,27.8,27.8,2.0,13.9,13.9,27.8,27.8,NESTO,,
,"BROWN Pizza Box 100x12""",75,10.0,1.0,30.0,33.0,30.0,33.0,1.0,30.0,33.0,30.0,33.0,PERFE,,
,"Pizza InsertIO"" Cardboard 100s",75,10.0,5.0,9.38,10.318,46.9,51.59,5.0,9.38,10.318,46.9,51.59,FIRST,,
,Mozzarella Traditional [6x2kg],75,0.0,7.0,97.0,97.0,679.0,679.0,7.0,97.0,97.0,679.0,679.0,ALESS,,
,Cream Thickened Caterers 5lt,75,0.0,3.0,16.9,16.9,50.7,50.7,3.0,16.9,16.9,50.7,50.7,D/FAR,,
,Eggs Large [600gx15doz],75,0.0,1.0,39.5,39.5,39.5,39.5,1.0,39.5,39.5,39.5,39.5,PACE,,
,Gnocchi Potato Precooked 1kg,75,0.0,3.0,6.95,6.95,20.85,20.85,3.0,6.95,6.95,20.85,20.85,ZINI,,
,Prawn Meat 31/40 GARLIC 1kg,75,0.0,4.0,19.7525,19.7525,79.01,79.01,4.0,19.7525,19.7525,79.01,79.01,NEPTU,,
,Pomace Olive Oil 4lt,76,0.0,1.0,17.0,17.0,17.0,17.0,1.0,17.0,17.0,17.0,17.0,ANTO,,
,Fire Roast Pepper STRIP 4.2kg,76,0.0,2.0,13.9,13.9,27.8,27.8,2.0,13.9,13.9,27.8,27.8,NESTO,,
,BBQ Sauce 3lt,76,0.0,1.0,8.15,8.15,8.15,8.15,1.0,8.15,8.15,8.15,8.15,SUNSH,,
,"BROWN Pizza Box 100x12""",76,10.0,1.0,30.0,33.0,30.0,33.0,1.0,30.0,33.0,30.0,33.0,PERFE,,
,"BROWN Pizza Box 50x15""",76,10.0,4.0,25.0,27.5,100.0,110.0,4.0,25.0,27.5,100.0,110.0,PERFE,,
,"Pizza InsertIO"" Cardboard 100s",76,10.0,4.0,9.3795,10.3175,37.5182,41.27,4.0,9.3795,10.3175,37.5182,41.27,FIRST,,
,Mozzarella Traditional [6x2kg],76,0.0,4.0,97.0,97.0,388.0,388.0,4.0,97.0,97.0,388.0,388.0,ALESS,,
,Cream Thickened Caterers 5lt,76,0.0,3.0,16.9,16.9,50.7,50.7,3.0,16.9,16.9,50.7,50.7,D/FAR,,
,Eggs Large [600gx15doz],76,0.0,1.0,39.5,39.5,39.5,39.5,1.0,39.5,39.5,39.5,39.5,PACE,,
,Pomace Olive Oil 4lt,77,0.0,1.0,17.0,17.0,17.0,17.0,1.0,17.0,17.0,17.0,17.0,ANTO,,
,Fire Roast Pepper STRIP 4.2kg,77,0.0,2.0,13.9,13.9,27.8,27.8,2.0,13.9,13.9,27.8,27.8,NESTO,,
,Pine Nuts 1kg,77,0.0,1.0,40.95,40.95,40.95,40.95,1.0,40.95,40.95,40.95,40.95,GLOBL,,
,"BROWN Pizza Box 100x12""",77,10.0,2.0,30.0,33.0,60.0,66.0,2.0,30.0,33.0,60.0,66.0,PERFE,,
,"Pizza InsertIO"" CardboarcHOOs",77,10.0,5.0,9.38,10.318,46.9,51.59,5.0,9.38,10.318,46.9,51.59,FIRST,,
,Mozzarella Traditional [6x2kg],77,0.0,4.0,97.0,97.0,388.0,388.0,4.0,97.0,97.0,388.0,388.0,ALESS,,
,Cream Thickened Caterers 5lt,77,0.0,3.0,16.9,16.9,50.7,50.7,3.0,16.9,16.9,50.7,50.7,D/FAR,,
,Prawn Meat 31/40 GARLIC 1kg,77,0.0,2.0,19.755,19.755,39.51,39.51,2.0,19.755,19.755,39.51,39.51,NEPTU,,
,"Tomatoes Crushed ""BULK"" 10kg",78,0.0,3.0,14.0,14.0,42.0,42.0,3.0,14.0,14.0,42.0,42.0,ANTO,,
,Fire Roast Pepper STRIP 4.2kg,78,0.0,1.0,13.9,13.9,13.9,13.9,1.0,13.9,13.9,13.9,13.9,NESTO,,
,"BROWN Pizza Box 100x12""",78,10.0,1.0,30.0,33.0,30.0,33.0,1.0,30.0,33.0,30.0,33.0,PERFE,,
,Mozzarella Traditional [6x2kg],78,0.0,5.0,97.0,97.0,485.0,485.0,5.0,97.0,97.0,485.0,485.0,ALESS,,
,Cream Sour Lite 2lt,78,0.0,1.0,12.16,12.16,12.16,12.16,1.0,12.16,12.16,12.16,12.16,D/FAR,,
,Cream Thickened Caterers 5lt,78,0.0,1.0,16.9,16.9,16.9,16.9,1.0,16.9,16.9,16.9,16.9,D/FAR,,
,Anchovie Tin Oil 720g [Italy],78,0.0,1.0,13.95,13.95,13.95,13.95,1.0,13.95,13.95,13.95,13.95,ALPI,,
,Prawn Meat 31/40 GARLIC 1kg,78,0.0,3.0,19.753,19.753,59.26,59.26,3.0,19.753,19.753,59.26,59.26,NEPTU,,
,Kalamata Sliced 10kg,79,0.0,1.0,62.02,62.02,62.02,62.02,1.0,62.02,62.02,62.02,62.02,GLOBL,,
,"Pizza InsertIO"" Cardboard 100s",79,10.0,3.0,9.3791,10.317,28.1364,30.95,3.0,9.3791,10.317,28.1364,30.95,FIRST,,
,Mozzarella Traditional [6x2kg],79,0.0,4.0,97.0,97.0,388.0,388.0,4.0,97.0,97.0,388.0,388.0,ALESS,,
,Cream Thickened Caterers 5lt,79,0.0,1.0,16.9,16.9,16.9,16.9,1.0,16.9,16.9,16.9,16.9,D/FAR,,
,Prawn Meat 31/40 GARLIC 1kg,79,0.0,2.0,19.755,19.755,39.51,39.51,2.0,19.755,19.755,39.51,39.51,NEPTU,,
,Pomace Olive Oil 4lt,80,0.0,1.0,17.0,17.0,17.0,17.0,1.0,17.0,17.0,17.0,17.0,ANTO,,
,"Tomatoes Crushed ""BULK"" 10kg",80,0.0,3.0,14.0,14.0,42.0,42.0,3.0,14.0,14.0,42.0,42.0,ANTO,,
,Fire Roast Pepper STRIP 4.2kg,80,0.0,2.0,13.9,13.9,27.8,27.8,2.0,13.9,13.9,27.8,27.8,NESTO,,
,BBQ Sauce 3lt,80,0.0,3.0,8.15,8.15,24.45,24.45,3.0,8.15,8.15,24.45,24.45,SUNSH,,
,"BROWN Pizza Box 100x12""",80,10.0,1.0,30.0,33.0,30.0,33.0,1.0,30.0,33.0,30.0,33.0,PERFE,,
,Mozzarella Traditional [6x2kg],80,0.0,2.0,97.0,97.0,194.0,194.0,2.0,97.0,97.0,194.0,194.0,ALESS,,
,Ginger Crushed 2kg,80,0.0,1.0,20.41,20.41,20.41,20.41,1.0,20.41,20.41,20.41,20.41,GOLD,,
,Primo Ham Shredded (Julienne) 2kg,81,0.0,14.0,12.5,12.5,175.0,175.0,14.0,12.5,12.5,175.0,175.0,,,
,Primo Sliced Pepperoni (40mm) 2kg,81,0.0,4.0,25.0,25.0,100.0,100.0,4.0,25.0,25.0,100.0,100.0,,,
,Thin Sliced Hungarian Salami 1.5kg,81,0.0,3.0,19.0,19.0,57.0,57.0,3.0,19.0,19.0,57.0,57.0,,,
,Real Shredded Parmesan 2kg,81,0.0,2.0,26.0,26.0,52.0,52.0,2.0,26.0,26.0,52.0,52.0,,,
,Zammit Diced Bacon 3kg,81,0.0,11.0,17.8,17.8,195.8,195.8,11.0,17.8,17.8,195.8,195.8,,,
,WV 100% Basil Pesto 2kg,81,0.0,1.0,23.5,23.5,23.5,23.5,1.0,23.5,23.5,23.5,23.5,,,
,Primo Ham Shredded (Julienne) 2kg,82,0.0,18.0,12.5,12.5,225.0,225.0,18.0,12.5,12.5,225.0,225.0,,,
,Primo Sliced Pepperoni (40mm) 2kg,82,0.0,3.0,25.0,25.0,75.0,75.0,3.0,25.0,25.0,75.0,75.0,,,
,Thin Sliced Hungarian Salami 1.5kg,82,0.0,4.0,19.0,19.0,76.0,76.0,4.0,19.0,19.0,76.0,76.0,,,
,Real Shredded Parmesan 2kg,82,0.0,2.0,26.0,26.0,52.0,52.0,2.0,26.0,26.0,52.0,52.0,,,
,Zammit Diced Bacon 3kg,82,0.0,11.0,17.8,17.8,195.8,195.8,11.0,17.8,17.8,195.8,195.8,,,
,Caesar Dressing 1kg,82,0.0,1.0,7.5,7.5,7.5,7.5,1.0,7.5,7.5,7.5,7.5,,,
,Zammit Diced Bacon 3kg,83,0.0,10.0,17.5,17.5,175.0,175.0,10.0,17.5,17.5,175.0,175.0,,,
,Primo Ham Shredded (Julienne) 2kg,83,0.0,16.0,12.5,12.5,200.0,200.0,16.0,12.5,12.5,200.0,200.0,,,
,Real Shredded Parmesan 2kg,83,0.0,2.0,26.0,26.0,52.0,52.0,2.0,26.0,26.0,52.0,52.0,,,
,Primo Sliced Pepperoni (40mm) 2kg,83,0.0,4.0,25.0,25.0,100.0,100.0,4.0,25.0,25.0,100.0,100.0,,,
,Thin Sliced Hungarian Salami 1.5kg,83,0.0,4.0,19.0,19.0,76.0,76.0,4.0,19.0,19.0,76.0,76.0,,,
,WV 100% Basil Pesto 2kg,83,0.0,2.0,23.5,23.5,47.0,47.0,2.0,23.5,23.5,47.0,47.0,,,
,Capers in Vinegar 2kg,83,0.0,1.0,13.8,13.8,13.8,13.8,1.0,13.8,13.8,13.8,13.8,,,
,Zammit Shredded Pizza Topping 3kg,83,0.0,3.0,18.0,18.0,54.0,54.0,3.0,18.0,18.0,54.0,54.0,,,
,Primo Sliced Pepperoni (40mm) 2kg,84,0.0,3.0,25.0,25.0,75.0,75.0,3.0,25.0,25.0,75.0,75.0,,,
,Thin Sliced Hungarian Salami 1.5kg,84,0.0,1.0,19.0,19.0,19.0,19.0,1.0,19.0,19.0,19.0,19.0,,,
,Real Shredded Parmesan 2kg,84,0.0,2.0,26.0,26.0,52.0,52.0,2.0,26.0,26.0,52.0,52.0,,,
,Zammit Diced Bacon 3kg,84,0.0,10.0,17.5,17.5,175.0,175.0,10.0,17.5,17.5,175.0,175.0,,,
,Primo Sliced Pepperoni (40mm) 2kg,85,0.0,4.0,25.0,25.0,100.0,100.0,4.0,25.0,25.0,100.0,100.0,,,
,Thin Sliced Hungarian Salami 1.5kg,85,0.0,5.0,19.0,19.0,95.0,95.0,5.0,19.0,19.0,95.0,95.0,,,
,Real Shredded Parmesan 2kg,85,0.0,2.0,26.0,26.0,52.0,52.0,2.0,26.0,26.0,52.0,52.0,,,
,Zammit Diced Bacon 3kg,85,0.0,9.0,17.5,17.5,157.5,157.5,9.0,17.5,17.5,157.5,157.5,,,
,Primo Sliced Pepperoni (40mm) 2kg,86,0.0,4.0,25.0,25.0,100.0,100.0,4.0,25.0,25.0,100.0,100.0,,,
,Thin Sliced Hungarian Salami 1.5kg,86,0.0,4.0,19.0,19.0,76.0,76.0,4.0,19.0,19.0,76.0,76.0,,,
,Real Shredded Parmesan 2kg,86,0.0,1.0,26.0,26.0,26.0,26.0,1.0,26.0,26.0,26.0,26.0,,,
,Zammit Diced Bacon 3kg,86,0.0,8.0,17.5,17.5,140.0,140.0,8.0,17.5,17.5,140.0,140.0,,,
,Primo Sliced Pepperoni (40mm) 2kg,87,0.0,4.0,25.0,25.0,100.0,100.0,4.0,25.0,25.0,100.0,100.0,,,
,Thin Sliced Hungarian Salami 1.5kg,87,0.0,5.0,19.0,19.0,95.0,95.0,5.0,19.0,19.0,95.0,95.0,,,
,Real Shredded Parmesan 2kg,87,0.0,2.0,26.0,26.0,52.0,52.0,2.0,26.0,26.0,52.0,52.0,,,
,Natural Yoghurt 5kg,87,0.0,1.0,13.9,13.9,13.9,13.9,1.0,13.9,13.9,13.9,13.9,,,
,Zammit Diced Bacon 3kg,87,0.0,9.0,17.5,17.5,157.5,157.5,9.0,17.5,17.5,157.5,157.5,,,
,Primo Sliced Pepperoni (40mm) 2kg,88,0.0,4.0,25.0,25.0,100.0,100.0,4.0,25.0,25.0,100.0,100.0,,,
,Thin Sliced Hungarian Salami 1.5kg,88,0.0,2.0,19.0,19.0,38.0,38.0,2.0,19.0,19.0,38.0,38.0,,,
,Real Shredded Parmesan 2kg,88,0.0,1.0,26.0,26.0,26.0,26.0,1.0,26.0,26.0,26.0,26.0,,,
,Natural Yoghurt 5kg,88,0.0,1.0,13.9,13.9,13.9,13.9,1.0,13.9,13.9,13.9,13.9,,,
,Zammit Diced Bacon 3kg,88,0.0,7.0,17.5,17.5,122.5,122.5,7.0,17.5,17.5,122.5,122.5,,,
,Beef Mince 90% R/W,88,0.0,10.0,6.0,6.0,60.0,60.0,10.0,6.0,6.0,60.0,60.0,,,
,Primo Sliced Pepperoni (40mm) 2kg,89,0.0,4.0,25.0,25.0,100.0,100.0,4.0,25.0,25.0,100.0,100.0,,,
,Thin Sliced Hungarian Salami 1.5kg,89,0.0,5.0,19.0,19.0,95.0,95.0,5.0,19.0,19.0,95.0,95.0,,,
,Primo Chorizos R/W,89,0.0,2.81,12.5,12.5,35.125,35.125,2.81,12.5,12.5,35.13,35.13,,,
,Real Shredded Parmesan 2kg,89,0.0,1.0,26.0,26.0,26.0,26.0,1.0,26.0,26.0,26.0,26.0,,,
,Zammit Diced Bacon 3kg,89,0.0,8.0,17.5,17.5,140.0,140.0,8.0,17.5,17.5,140.0,140.0,,,
,Primo Rolled Pancetta R/W,89,0.0,2.45,18.0,18.0,44.1,44.1,2.45,18.0,18.0,44.10,44.10,,,
,Anchovie Fillets 730g,89,0.0,1.0,10.95,10.95,10.95,10.95,1.0,10.95,10.95,10.95,10.95,,,
,Primo Sliced Pepperoni (40mm) 2kg,90,0.0,4.0,25.0,25.0,100.0,100.0,4.0,25.0,25.0,100.0,100.0,,,
,Thin Sliced Hungarian Salami 1.5kg,90,0.0,3.0,19.0,19.0,57.0,57.0,3.0,19.0,19.0,57.0,57.0,,,
,Real Shredded Parmesan 2kg,90,0.0,1.0,26.0,26.0,26.0,26.0,1.0,26.0,26.0,26.0,26.0,,,
,Zammit Diced Bacon 3kg,90,0.0,8.0,17.5,17.5,140.0,140.0,8.0,17.5,17.5,140.0,140.0,,,
,Primo Sliced Pepperoni (40mm) 2kg,91,0.0,2.0,25.0,25.0,50.0,50.0,2.0,25.0,25.0,50.0,50.0,,,
,Thin Sliced Hungarian Salami 1.5kg,91,0.0,1.0,19.0,19.0,19.0,19.0,1.0,19.0,19.0,19.0,19.0,,,
,Real Shredded Parmesan 2kg,91,0.0,2.0,26.0,26.0,52.0,52.0,2.0,26.0,26.0,52.0,52.0,,,
,Zammit Diced Bacon 3kg,91,0.0,8.0,17.5,17.5,140.0,140.0,8.0,17.5,17.5,140.0,140.0,,,
BOWHCLPA25,BOWL WHITE CLASSIC PASTA 255MM FLINDERS,92,0.0,12.0,7.4,7.4,88.8,88.8,12.0,7.4,7.4,88.8,88.8,,,EACH
FOTAME,FORKS TABLE MELROSE,92,0.0,1.0,10.98,10.98,10.98,10.98,1.0,10.98,10.98,10.98,10.98,,,DOZEN
KNTAME,KNIVES TABLE MELROSE 17372,92,0.0,1.0,17.9,17.9,17.9,17.9,1.0,17.9,17.9,17.9,17.9,,,DOZEN
PESHCHTA,PEPPER SHAKER CHELSEA TALL 80X35MM,92,0.0,12.0,2.55,2.55,30.6,30.6,12.0,2.55,2.55,30.6,30.6,,,EACH
PLPIWH33,PLATE PIZZA WHITE 33CM (NAPOLI),92,0.0,12.0,13.96,13.96,167.52,167.52,12.0,13.96,13.96,167.52,167.52,,,EACH
SPDEME,SPOON DESSERT MELROSE,92,0.0,1.0,10.28,10.28,10.28,10.28,1.0,10.28,10.28,10.28,10.28,,,DOZEN
SPSOME,SPOON SOUP MELROSE,92,0.0,1.0,10.24,10.24,10.24,10.24,1.0,10.24,10.24,10.24,10.24,,,DOZEN
BRPA38,"BRUSH PASTRY 38MM NATURAL 1 1/2""",93,0.0,1.0,1.57,1.57,1.57,1.57,1.0,1.57,1.57,1.57,1.57,,,EACH
LICA1/6H,LID STEAM PAN 1/6 W/HANDLE CAMBRO,93,0.0,12.0,3.95,3.95,47.4,47.4,12.0,3.95,3.95,47.4,47.4,,,EACH
PE7900,"PEELER S/S VEGE ""U"" SHAPE/SPEED PEELER",93,0.0,1.0,3.36,3.36,3.36,3.36,1.0,3.36,3.36,3.36,3.36,,,EACH
SAB0438,SAUCE BOTTLE 1LT DECOR WITH RED LID,93,0.0,6.0,4.14,4.14,24.84,24.84,6.0,4.14,4.14,24.84,24.84,,,EACH
SP3315,SPOON BASTING S/S 39CM PLAIN,93,0.0,1.0,2.06,2.06,2.06,2.06,1.0,2.06,2.06,2.06,2.06,,,EACH
STPA6150,STEAM PAN 1/6 150MM DEEP 175X161MM,93,0.0,12.0,7.88,7.88,94.56,94.56,12.0,7.88,7.88,94.56,94.56,,,EACH
WHPI45,WHISK PIANO WIRE 45CM S/S SEALED,93,0.0,1.0,9.74,9.74,9.74,9.74,1.0,9.74,9.74,9.74,9.74,,,EACH
PLRAPP,PLATE RACK 50X50CM DISHWASHER,94,0.0,2.0,39.59,39.59,79.18,79.18,2.0,39.59,39.59,79.18,79.18,,,EACH
SAB0438,SAUCE BOTTLE 1LT DECOR WITH RED LID,94,0.0,6.0,4.14,4.14,24.84,24.84,6.0,4.14,4.14,24.84,24.84,,,EACH
STPA125,STEAM PAN 1/1 20MM DEEP 53CX325MM,94,0.0,6.0,10.65,10.65,63.9,63.9,6.0,10.65,10.65,63.9,63.9,,,EACH
STFA6100,STEAM PAN 1/6 100MM DEEP 175X161MM,94,0.0,5.0,5.28,5.28,26.4,26.4,5.0,5.28,5.28,26.4,26.4,,,EACH
FRPA6125,FRYPAN ALUMINIUM 25CM (10”) PREMIER,95,0.0,8.0,14.7,14.7,117.6,117.6,8.0,14.7,14.7,117.6,117.6,,,EACH
FRPA6130,FRYPAN ALUMINIUM 30CM PREMIER,95,0.0,6.0,19.69,19.69,118.14,118.14,6.0,19.69,19.69,118.14,118.14,,,EACH
PLPI6209,"PLATE PIZZA 23CM ALUM (8"")",95,0.0,4.0,1.88,1.88,7.52,7.52,24.0,1.88,1.88,45.12,45.12,,,EACH
STPA165,STEAM PAN 1/1 65MM DEEP 500X325MM,95,0.0,2.0,11.88,11.88,23.76,23.76,2.0,11.88,11.88,23.76,23.76,,,EACH
STPA265,STEAM PAN 1/2 65MM DEEP 325X265MM,95,0.0,4.0,7.13,7.13,28.52,28.52,4.0,7.13,7.13,28.52,28.52,,,EACH
FRPA383,FRYPAN BLUE STEEL 360X62MM,96,0.0,2.0,40.0,40.0,80.0,80.0,2.0,40.0,40.0,80.0,80.0,,,EACH
PLPI6215,"PLATE PIZZA 38CM ALUM (15"")",96,0.0,30.0,4.31,4.31,129.3,129.3,30.0,4.31,4.31,129.3,129.3,,,EACH
STPOPR16,STOCKPOT ALUMINIUM PREMIER 16L 280X255MM,96,0.0,2.0,37.5,37.5,75.0,75.0,2.0,37.5,37.5,75.0,75.0,,,EACH
STPOPR6,STOCKPOT ALUMINIUM PREMIER 60L 44 0X.4 05MM,96,0.0,1.0,87.5,87.5,87.5,87.5,1.0,87.5,87.5,87.5,87.5,,,EACH
TH5386,THERMOMETER FR/FREEZER S/S -28.9+26.7.C,96,0.0,3.0,7.19,7.19,21.57,21.57,2.0,7.19,7.19,14.38,14.38,,,EACH
B07217,BOWL MIXING S/STEEL 13LT 450X125MM,97,0.0,1.0,14.7,14.7,14.7,14.7,1.0,14.7,14.7,14.7,14.7,,,EACH
BO7220,BOWL MIXING S/STEEL 17.5LT 480X140MM,97,0.0,1.0,18.03,18.03,18.03,18.03,1.0,18.03,18.03,18.03,18.03,,,EACH
GRSS19.0X23,GRATER 4 SIDED S/S 19X23CM,97,0.0,1.0,8.82,8.82,8.82,8.82,1.0,8.82,8.82,8.82,8.82,,,EACH
LA36006,LADLE S/S 180ML ONE-PIECE (60Z),97,0.0,2.0,2.81,2.81,5.62,5.62,1.0,2.81,2.81,2.81,2.81,,,EACH
STPA610C,STEAM PAN 1/6 100MM DEEP 175X161MM,97,0.0,5.0,5.28,5.28,26.4,26.4,5.0,5.28,5.28,26.4,26.4,,,EACH
STPA6150,STEAM PAN 1/6 150MM DEEP 175X161MM,97,0.0,12.0,7.88,7.88,94.56,94.56,5.0,7.88,7.88,39.4,39.4,,,EACH
BIGA73,BIN GARBAGE 76LT PLASTIC WITH LID,98,0.0,3.0,20.91,20.91,62.73,62.73,3.0,20.91,20.91,62.73,62.73,,,EACH
BITN81,BIN INGREDIENT 81LTR LOCKING CASTORS,98,0.0,1.0,215.0,215.0,215.0,215.0,1.0,215.0,215.0,215.0,215.0,,,EACH
BO7205,BOWL MIXING S/STEEL 4.2LT 300X100MM,98,0.0,4.0,2.75,2.75,11.0,11.0,4.0,2.75,2.75,11.0,11.0,,,EACH
B07208,BOWL MIXING S/STEEL 6.0LT 335X110MM,98,0.0,2.0,5.5,5.5,11.0,11.0,2.0,5.5,5.5,11.0,11.0,,,EACH
TRPA38,BRUSH PASTRY 38MM NATURAL,98,0.0,2.0,1.57,1.57,3.14,3.14,2.0,1.57,1.57,3.14,3.14,,,EACH
CAOP50Mf,CAN OPENER BONZER WITH CLAMP & SCREWS,98,0.0,1.0,112.1,112.1,112.1,112.1,1.0,112.1,112.1,112.1,112.1,,,EACH
COALHD35,COLANDER ALUMINIUM H.D. 13LT 35 CM,98,0.0,1.0,33.0,33.0,33.0,33.0,1.0,33.0,33.0,33.0,33.0,,,EACH
COMRCR3.15,CONTAINER MRS CROCKET SQUARE 3.15LT &LID,98,0.0,12.0,1.75,1.75,21.0,21.0,12.0,1.75,1.75,21.0,21.0,,,EACH
COMRCR4.5,CONTAINER MRS CROCKET SQUARE 4.5LT &LID,98,0.0,12.0,2.19,2.19,26.28,26.28,0.0,2.19,2.19,0.0,0.0,,,EACH
CRIH060,CRATE IH060 N07 STAKANESTA 645X413X21CMM,98,0.0,1.0,18.78,18.78,18.78,18.78,1.0,18.78,18.78,18.78,18.78,,,EACH
CRIH089,CRATE IH089 N04 430X323X127M,98,0.0,3.0,8.74,8.74,26.22,26.22,3.0,8.74,8.74,26.22,26.22,,,EACH
CUBOYE380,CUTTING BOARD 380X510X13MM YELLOW,98,0.0,1.0,11.0,11.0,11.0,11.0,1.0,11.0,11.0,11.0,11.0,,,EACH
CUB04321,CUTTING BOARD 380X510X13MM,98,0.0,1.0,11.0,11.0,11.0,11.0,1.0,11.0,11.0,11.0,11.0,,,EACH
CUBOGR3,CUTTING BOARD 380X510X13MM GREEN,98,0.0,1.0,11.0,11.0,11.0,11.0,1.0,11.0,11.0,11.0,11.0,,,EACH
CUBOBL380,CUTTING BOARD 380X510X13MX BLUE,98,0.0,1.0,11.0,11.0,11.0,11.0,1.0,11.0,11.0,11.0,11.0,,,EACH
CUBORE380,CUTTING BOARD 380X510X13MM RED,98,0.0,1.0,11.0,11.0,11.0,11.0,1.0,11.0,11.0,11.0,11.0,,,EACH
CUB04322,CUTTING BOARD 450X61OX13MM 04222,98,0.0,1.0,14.5,14.5,14.5,14.5,1.0,14.5,14.5,14.5,14.5,,,EACH
DOHOTK11O,DOCKET HOLDER S/S TKN 110C,98,0.0,2.0,12.2,12.2,24.4,24.4,2.0,12.2,12.2,24.4,24.4,,,EACH
FRPA6130,"FRYPAN ALUMINIUM 30CM (12"") PREMIER",98,0.0,8.0,19.69,19.69,157.52,157.52,8.0,19.69,19.69,157.52,157.52,,,EACH
FRPA3836,FRYPAN BLUE STEEL 360X62MM,98,0.0,2.0,40.0,40.0,80.0,80.0,0.0,40.0,40.0,0.0,0.0,,,EACH
GRMIFI,GRATER MICROPLANE FINE 35002,98,0.0,1.0,25.0,25.0,25.0,25.0,1.0,25.0,25.0,25.0,25.0,,,EACH
SP3311,IPOON BASTING S/S 29CM PLAIN,98,0.0,2.0,1.26,1.26,2.52,2.52,2.0,1.26,1.26,2.52,2.52,,,EACH
JUMETH5,JUG MEASURING THERMO 5.0LT,98,0.0,1.0,7.32,7.32,7.32,7.32,1.0,7.32,7.32,7.32,7.32,,,EACH
IRJMETH3,JUG MEASURING THERMO 3 LITRE,98,0.0,1.0,5.49,5.49,5.49,5.49,1.0,5.49,5.49,5.49,5.49,,,EACH
LA36004,LADLE S/S 120ML ONE PIECE (40Z),98,0.0,5.0,2.28,2.28,11.4,11.4,5.0,2.28,2.28,11.4,11.4,,,EACH
LIIH014,LID IH014 FOR N04 CRATE(IH089),98,0.0,3.0,12.71,12.71,38.13,38.13,3.0,12.71,12.71,38.13,38.13,,,EACH
LIIH052,LID IH052 P/PROOF FOR 7/10/15CRT,98,0.0,1.0,14.88,14.88,14.88,14.88,1.0,14.88,14.88,14.88,14.88,,,EACH
MESE4,MEASURING CUP SET S/STEEL,98,0.0,1.0,4.6,4.6,4.6,4.6,1.0,4.6,4.6,4.6,4.6,,,EACH
PAW03424,PADDLE WOODEN 60CM {24”),98,0.0,1.0,5.79,5.79,5.79,5.79,1.0,5.79,5.79,5.79,5.79,,,EACH
PADO,PASTRY DOCKER WIDTH OF ROLLER 115MM,98,0.0,1.0,21.25,21.25,21.25,21.25,1.0,21.25,21.25,21.25,21.25,,,EACH
PE7900,"PEELER S/S VEGE ""U” SHAPE",98,0.0,2.0,3.36,3.36,6.72,6.72,2.0,3.36,3.36,6.72,6.72,,,EACH
PEMIMA30,PEPPER MILL MAHOGONY 3 0CM WOODEN,98,0.0,1.0,13.0,13.0,13.0,13.0,1.0,13.0,13.0,13.0,13.0,,,EACH
PICURO,PIZZA CUTTER ROCKER S/S 4r,98,0.0,1.0,24.1,24.1,24.1,24.1,1.0,24.1,24.1,24.1,24.1,,,EACH
PIPE,PIZZA PEEL ALU SHORT WOOULN \NDLE H.,98,0.0,1.0,27.28,27.28,27.28,27.28,1.0,27.28,27.28,27.28,27.28,,,EACH
PIRA18,PIZZA RACK CHROME FREE STANNING HOLDS 18,98,0.0,4.0,50.46,50.46,201.84,201.84,2.0,50.46,50.46,100.92,100.92,,,EACH
PLPI6212,PLATE PIZZA 30CM ALUM (12”),99,0.0,60.0,3.06,3.06,183.6,183.6,60.0,3.06,3.06,183.6,183.6,,,EACH
PLPI6215,PLATE PIZZA 38CM ALUM (15”),99,0.0,45.0,4.31,4.31,193.95,193.95,15.0,4.31,4.31,64.65,64.65,,,EACH
POtiA2240,POTATO MASHER HD 30CM (12”) WOOD HANDLE,99,0.0,1.0,6.66,6.66,6.66,6.66,1.0,6.66,6.66,6.66,6.66,,,EACH
RACH,RACK FOR 10 CUTTING BOARDS,99,0.0,1.0,18.58,18.58,18.58,18.58,1.0,18.58,18.58,18.58,18.58,,,EACH
SADR285,SALT DREDGE 285ML (75MM DIAM/95MM HIGH),99,0.0,2.0,4.16,4.16,8.32,8.32,2.0,4.16,4.16,8.32,8.32,,,EACH
3ABO980WH,SAUCE BOTTLE 980ML WHITE WIDE MOUTH,99,0.0,12.0,2.0,2.0,24.0,24.0,12.0,2.0,2.0,24.0,24.0,,,EACH
SAPA6010,SAUCEPAN ALUMINIUM PREMIER 10 LT 30X15CM,99,0.0,1.0,31.92,31.92,31.92,31.92,1.0,31.92,31.92,31.92,31.92,,,EACH
SAPA6003,SAUCEPAN ALUMINIUM PREMIER 3.5LT 22x11CM,99,0.0,1.0,18.43,18.43,18.43,18.43,1.0,18.43,18.43,18.43,18.43,,,EACH
SC5365,SCALES KITCHEN 22KG X 10OCRAM,99,0.0,1.0,37.5,37.5,37.5,37.5,1.0,37.5,37.5,37.5,37.5,,,EACH
SCAL23,SCOOP ROUND BOTTOM 23X12CM ALUM (380Z),99,0.0,1.0,11.3,11.3,11.3,11.3,1.0,11.3,11.3,11.3,11.3,,,EACH
SC3039,SCRAPER BOWL RUBBER BLADE 115X70,99,0.0,1.0,4.13,4.13,4.13,4.13,1.0,4.13,4.13,4.13,4.13,,,EACH
SCDO3056,SCRAPER DOUGH 150X74MM PLASTIC HDL,99,0.0,2.0,3.58,3.58,7.16,7.16,2.0,3.58,3.58,7.16,7.16,,,EACH
SC3030,SCRAPER GRIDDLE 105X95MM VCD HDL 260MM,99,0.0,1.0,5.0,5.0,5.0,5.0,1.0,5.0,5.0,5.0,5.0,,,EACH
SP3321,SPOON BASTING S/S 29CM PERFORATED,99,0.0,2.0,1.26,1.26,2.52,2.52,2.0,1.26,1.26,2.52,2.52,,,EACH
SPMESS,SPOON MEASURING SET STAINLESS STEEL 4PCE,99,0.0,1.0,4.1,4.1,4.1,4.1,1.0,4.1,4.1,4.1,4.1,,,EACH
SPTEAT,SPOON TEA ATLANTIS/MELBOURNE,99,0.0,3.0,3.65,3.65,10.95,10.95,3.0,3.65,3.65,10.95,10.95,,,BOX12
SPW045,"SPOON WOODEN MIXING 45CM (13"") BEECHWOOD",99,0.0,3.0,1.75,1.75,5.25,5.25,3.0,1.75,1.75,5.25,5.25,,,EACH
STPA125,STEAM PAN 1/1 20MM DEEP 530X325MM,99,0.0,12.0,10.65,10.65,127.8,127.8,12.0,10.65,10.65,127.8,127.8,,,EACH
LI3,STEAM PAN 1/3 LID 321X175,99,0.0,9.0,6.95,6.95,62.55,62.55,9.0,6.95,6.95,62.55,62.55,,,EACH
STPA6100,STEAM PAN 1/6 100MM DEEP 175X161MM,99,0.0,12.0,5.28,5.28,63.36,63.36,12.0,5.28,5.28,63.361,63.361,,,EACH
LI6,STEAM PAN 1/6 LID 173X160,99,0.0,12.0,4.36,4.36,52.32,52.32,12.0,4.36,4.36,52.32,52.32,,,EACH
STPe9100,STEAM PAN 1/9 100MM DEEP 176X108MM,99,0.0,6.0,5.49,5.49,32.94,32.94,1.0,5.49,5.49,5.49,5.49,,,EACH
lX9, STEAM PAN 1/9 LID 176X108,99,0.0,6.0,3.92,3.92,23.52,23.52,3.0,3.92,3.92,11.76,11.76,,,EACH
TPOPR16,STOCKPOT ALUMINIUM PREMIER 16L 280X255MM,99,0.0,2.0,37.5,37.5,75.0,75.0,0.0,37.5,37.5,0.0,0.0,,,EACH
JtTOPR6,STOCKPOT ALUMINIUM PREMIER 60L 440X405MM,99,0.0,1.0,87.5,87.5,87.5,87.5,0.0,87.5,87.5,0.0,0.0,,,EACH
ST3869,STRAINER CONICAL S/S 23CM COURSE,99,0.0,2.0,20.63,20.63,41.26,41.26,2.0,20.63,20.63,41.26,41.26,,,EACH
THDIPOPR,THERMOMETER DIGITAL PKT TEMP PRO W'PrOOF,99,0.0,1.0,34.09,34.09,34.09,34.09,1.0,34.09,34.09,34.09,34.09,,,EACH
TH5386,THERMOMETER FR/FREEZER S/S,99,0.0,3.0,7.19,7.19,21.57,21.57,0.0,7.19,7.19,0.0,0.0,,,EACH
TOXHD40,TONG X/H/D DELUXE S/S 16” 40CM NO CLIP,99,0.0,1.0,5.11,5.11,5.11,5.11,1.0,5.11,5.11,5.11,5.11,,,EACH
TOXHD23,TONG X/H/D DELUXE S/S 9” 20CM NO CLIP,99,0.0,6.0,3.13,3.13,18.78,18.78,6.0,3.13,3.13,18.78,18.78,,,EACH
TRGA17,TROLLEY GASTRONORM PANS 17 TSVtf W/IOCKS,99,0.0,1.0,316.99,316.99,316.99,316.99,1.0,316.99,316.99,316.99,316.99,,,EACH
WHFR50,WHISK FRENCH H/D 50CM S/S SEALED,99,0.0,1.0,9.63,9.63,9.63,9.63,1.0,9.63,9.63,9.63,9.63,,,EACH
MARA5170,"MAGNETIC TOOL/KNIFE RACK 60CM (24"")",100,0.0,2.0,15.0,15.0,30.0,30.0,2.0,15.0,15.0,30.0,30.0,,,EACH
PADO,PASTRY DOCKER WIDTH OF ROLLER 115MM,100,0.0,1.0,20.0,20.0,20.0,20.0,1.0,20.0,20.0,20.0,20.0,,,EACH
POMASSLA,POTATO MASHER S/S 125X645 MM 18/10,100,0.0,1.0,40.0,40.0,40.0,40.0,1.0,40.0,40.0,40.0,40.0,,,EACH
PORI3342,POTATO RICER 40 CM STAINLESS 110X110.,100,0.0,1.0,55.0,55.0,55.0,55.0,0.0,55.0,55.0,0.0,0.0,,,EACH
SAPA6003,SAUCEPAN ALUMINIUM PREMIER 3.5LT 22X11CM,100,0.0,3.0,18.43,18.43,55.29,55.29,3.0,18.43,18.43,55.29,55.29,,,EACH
SCEL5,SCALES ELEC 5KG/1 GM INC .LITHIUM BATTERY,100,0.0,1.0,40.0,40.0,40.0,40.0,1.0,40.0,40.0,40.0,40.0,,,EACH
SPWO30,"SPOON WOODEN’ MIXING 30CM (12"") BEECHWOOD",100,0.0,1.0,1.52,1.52,1.52,1.52,1.0,1.52,1.52,1.52,1.52,,,EACH
SPWO40.,"SPOON WOODEN MIXING 40CM (16"") BEECHWOOD",100,0.0,1.0,1.9,1.9,1.9,1.9,1.0,1.9,1.9,1.9,1.9,,,EACH
SPW050,"SPOON WOODEN MIXING 50CM (20"") BEECHWOOD",100,0.0,2.0,2.97,2.97,5.94,5.94,2.0,2.97,2.97,5.94,5.94,,,EACH
ST3872,STRAINER CONICAL S/S 30CM COURSE,100,0.0,1.0,35.0,35.0,35.0,35.0,1.0,35.0,35.0,35.0,35.0,,,EACH
TOXHD23,TONG X/H/D DELUXE S/S 9'| 23CM NO CLIP,100,0.0,4.0,3.13,3.13,12.52,12.52,4.0,3.13,3.13,12.52,12.52,,,EACH
BRPA38,"BRUSH PASTRY 38MM NATURAL 1 1/2""",101,0.0,3.0,1.57,1.57,4.71,4.71,3.0,1.57,1.57,4.71,4.71,,,EACH
FRPA6125,"FRYPAN ALUMINIUM 25CM (10"") PREMIER",101,0.0,3.0,14.7,14.7,44.1,44.1,3.0,14.7,14.7,44.1,44.1,,,EACH
GRMIFITT,GRATER MICROPLANE FINE 35002,101,0.0,1.0,25.0,25.0,25.0,25.0,1.0,25.0,25.0,25.0,25.0,,,EACH
LICAi/6H,LID STEAM PAN 1/6 W/HANDLE CAMBRO,101,0.0,4.0,2.51,2.51,10.04,10.04,4.0,2.51,2.51,10.04,10.04,,,EACH
PAWO3430,"PADDLE WOODEN 75 CM (30"")",101,0.0,1.0,15.96,15.96,15.96,15.96,1.0,15.96,15.96,15.96,15.96,,,EACH
SAPA6003,SAUCEPAN ALUMINIUM PREMIER 3.5LT 22X11CM,101,0.0,3.0,18.43,18.43,55.29,55.29,3.0,18.43,18.43,55.29,55.29,,,EACH
SPWO30,"SPOON WOODEN'MIXING' 3tfCM (12"") BEECHWOOD",101,0.0,4.0,1.52,1.52,6.08,6.08,4.0,1.52,1.52,6.08,6.08,,,EACH
STPA165,STEAM PAN 1/1 65MM DEEP 530X325MM,101,0.0,1.0,11.88,11.88,11.88,11.88,1.0,11.88,11.88,11.88,11.88,,,EACH
STPA6100,STEAM PAN 1/6 100MM DEEP 175X161MM,101,0.0,4.0,5.28,5.28,21.12,21.12,4.0,5.28,5.28,21.12,21.12,,,EACH
STPOPR32,STOCKPOT ALUMINIUM PREMIER 32L 350X320MM,101,0.0,1.0,74.4,74.4,74.4,74.4,1.0,74.4,74.4,74.4,74.4,,,EACH
TOXHD23,"TONG X/H/D DELUXE S/S 9"" 23CM NO CLIP",101,0.0,4.0,3.13,3.13,12.52,12.52,4.0,3.13,3.13,12.52,12.52,,,EACH
GL744017,GLASS CRYSTA-3 370ML LAGER,102,0.0,12.0,2.8,2.8,33.6,33.6,12.0,2.8,2.8,33.6,33.6,,,EACH
ROCOSL2CL3,ROBOT COUPE SLICER 2 MM FOR CL30,102,0.0,1.0,90.0,90.0,90.0,90.0,0.0,90.0,90.0,0.0,0.0,,,EACH
ROCOSL4X4,ROBOT COUPE SLICER FOR R201/301/302 4MM,102,0.0,1.0,90.0,90.0,90.0,90.0,0.0,90.0,90.0,0.0,0.0,,,EACH
THDIWAPR,THERMOMETER DIGITAL WATERPROOF -40-200C,102,0.0,1.0,23.0,23.0,23.0,23.0,1.0,23.0,23.0,23.0,23.0,,,EACH
D0H075,DOCKET HOLDER 75CM PLASTIC,103,0.0,1.0,13.92,13.92,13.92,13.92,1.0,13.92,13.92,13.92,13.92,,,EACH
SPIKE,SPIKE METAL DOCKET,103,0.0,1.0,2.79,2.79,2.79,2.79,1.0,2.79,2.79,2.79,2.79,,,EACH
TOXHD40,"TONG X/H/D DELUXE S/S 16"" 40CM NO CLIP",103,0.0,1.0,5.11,5.11,5.11,5.11,1.0,5.11,5.11,5.11,5.11,,,EACH
,THICK CREAM 5L BTL,104,0.0,1.0,17.0,17.0,17.0,17.0,1.0,17.0,17.0,17.0,17.0,,,
,CW BAKERS FLOUR 12.5KG,104,0.0,12.0,12.75,12.75,153.0,153.0,12.0,12.75,12.75,153.0,153.0,,,
,JALAPENOS SLICED A10 TIN,104,0.0,1.0,6.5,6.5,6.5,6.5,1.0,6.5,6.5,6.5,6.5,,,
,SLICED PEPERONI - HANS 1,104,0.0,8.0,12.25,12.25,98.0,98.0,8.0,12.25,12.25,98.0,98.0,,,
,AIOLI GARLIC SAUCE 1KG,104,0.0,1.0,9.75,9.75,9.75,9.75,1.0,9.75,9.75,9.75,9.75,,,
,SALT 10 KG SAXA,104,0.0,1.0,7.5,7.5,7.5,7.5,1.0,7.5,7.5,7.5,7.5,,,
,CW DISHWASH POWDER 5KG,104,10.0,1.0,19.5,21.45,19.5,21.45,1.0,19.5,21.45,19.5,21.45,,,
,CRUSHED TOMATOES RIV 10K,104,0.0,4.0,18.29,18.29,73.16,73.16,4.0,18.29,18.29,73.16,73.16,,,
,ANCHOVIES 720GM TIN,104,0.0,1.0,10.25,10.25,10.25,10.25,1.0,10.25,10.25,10.25,10.25,,,
,WOMBAT CAESAR DRESSING 1,104,0.0,1.0,7.2,7.2,7.2,7.2,1.0,7.2,7.2,7.2,7.2,,,
,MF DIJON MUSTARD 2.5KG,104,0.0,1.0,13.5,13.5,13.5,13.5,1.0,13.5,13.5,13.5,13.5,,,
,ROLL TOWEL PREM BOX 16X,104,10.0,0.5,53.5909,58.95,26.7955,29.475,0.5,53.5909,58.95,26.8,29.48,,,
,GLOVE XTR/LARGE PK100 PC,104,10.0,6.0,2.9,3.19,17.4,19.14,6.0,2.9,3.19,17.4,19.14,,,
,MAINLAND MOZ2 SHRED 2KG,104,0.0,48.0,15.95,15.95,765.6,765.6,48.0,15.95,15.95,765.6,765.6,,,
,MLAND SWISS SLICE 1KG(10,104,0.0,1.0,17.6,17.6,17.6,17.6,1.0,17.6,17.6,17.6,17.6,,,
,YEAST DRY ANGEST S00G,104,0.0,8.0,2.5,2.5,20.0,20.0,8.0,2.5,2.5,20.0,20.0,,,
,THICK CREAM 5L STL,105,0.0,4.0,17.0,17.0,68.0,68.0,4.0,17.0,17.0,68.0,68.0,,,
,SLICED PEPERONI 1KG,105,0.0,8.0,12.25,12.25,98.0,98.0,8.0,12.25,12.25,98.0,98.0,,,
,SHRED HAM JULIENNE CUT 2,105,0.0,18.0,12.0,12.0,216.0,216.0,18.0,12.0,12.0,216.0,216.0,,,
,BAM FRESH BASIL PEST02LT,105,0.0,2.0,22.95,22.95,45.9,45.9,2.0,22.95,22.95,45.9,45.9,,,
,CRUSHED TOMATOES RIV 10K,105,0.0,4.0,18.29,18.29,73.16,73.16,4.0,18.29,18.29,73.16,73.16,,,
,HEINZ TOMATO PASTE 3.15K,105,0.0,2.0,9.95,9.95,19.9,19.9,2.0,9.95,9.95,19.9,19.9,,,
,P/APPLE PIZZA CUT SY 3KG,105,0.0,12.0,6.2,6.2,74.4,74.4,12.0,6.2,6.2,74.4,74.4,,,
,GLOVES LG VINYL C-GVQ003,105,10.0,2.0,2.9,3.19,5.8,6.38,2.0,2.9,3.19,5.8,6.38,,,
,GLOVES MD VINYL C-GV0002,105,10.0,2.0,2.9,3.19,5.8,6.38,2.0,2.9,3.19,5.8,6.38,,,
,GLOVE XTR.LARGE PK10G PO,105,10.0,4.0,2.9,3.19,11.6,12.76,4.0,2.9,3.19,11.6,12.76,,,
,MAINLAND MOZZ SHRED 2KG,105,0.0,48.0,15.95,15.95,765.6,765.6,48.0,15.95,15.95,765.6,765.6,,,
,MLAND SWISS SLICE 1KG'10,105,0.0,2.0,17.6,17.6,35.2,35.2,2.0,17.6,17.6,35.2,35.2,,,
,YEAST DRY ANGEST SOOG,105,0.0,20.0,2.5,2.5,50.0,50.0,20.0,2.5,2.5,50.0,50.0,,,
,B/S YOGURT GREEK 10KG,105,0.0,1.0,28.95,28.95,28.95,28.95,1.0,28.95,28.95,28.95,28.95,,,
,SALAMI HUNGARIAN 1.5 KG,105,0.0,4.0,20.95,20.95,83.8,83.8,4.0,20.95,20.95,83.8,83.8,,,
,CW BAKERS FLOUR 12.5KG,106,0.0,14.0,12.75,12.75,178.5,178.5,14.0,12.75,12.75,178.5,178.5,,,
,A YAM COCONUT CREAM 400ML,106,0.0,24.0,2.9,2.9,69.6,69.6,24.0,2.9,2.9,69.6,69.6,,,
,MUTTI HERB SAUCE 4LT(3),106,0.0,3.0,10.5,10.5,31.5,31.5,3.0,10.5,10.5,31.5,31.5,,,
,JALAPENOS SLICED A10 TIN,106,0.0,1.0,8.95,8.95,8.95,8.95,1.0,8.95,8.95,8.95,8.95,,,
,SLICED PEPERONl - HANS 1,106,0.0,7.0,12.25,12.25,85.75,85.75,7.0,12.25,12.25,85.75,85.75,,,
,CRUSHED TOMATOES RIV 10K,106,0.0,2.0,18.29,18.29,36.58,36.58,2.0,18.29,18.29,36.58,36.58,,,
,CHAMPIGNONS PIECE &STEM2,106,0.0,3.0,10.95,10.95,32.85,32.85,3.0,10.95,10.95,32.85,32.85,,,
,PIECES RAW CASHEW 1KG,106,0.0,1.0,12.6,12.6,12.6,12.6,1.0,12.6,12.6,12.6,12.6,,,
,GLOVES LG VINYL C-GVOOOG,106,10.0,2.0,2.9,3.19,5.8,6.38,2.0,2.9,3.19,5.8,6.38,,,
,GLOVES MO VINYL C-GV0002,106,10.0,1.0,2.9,3.19,2.9,3.19,1.0,2.9,3.19,2.9,3.19,,,
,GLOVE XTR LARGE PK100 PO,106,10.0,6.0,2.9,3.19,17.4,19.14,6.0,2.9,3.19,17.4,19.14,,,
,MAINLAND MOZZ SHRED 2KG,106,0.0,48.0,15.95,15.95,765.6,765.6,48.0,15.95,15.95,765.6,765.6,,,
,CW BAKERS FLOUR 12.5KG,107,0.0,8.0,12.75,12.75,102.0,102.0,8.0,12.75,12.75,102.0,102.0,,,
,MUTTI HERB SAUCE 4LT(3),107,0.0,3.0,10.5,10.5,31.5,31.5,3.0,10.5,10.5,31.5,31.5,,,
,SLICED PEPERONI - HANS 1,107,0.0,8.0,12.25,12.25,98.0,98.0,6.0,12.25,12.25,73.5,73.5,,,
,CW LAUNDRY LIOUID SLT -,107,10.0,1.0,12.5,13.75,12.5,13.75,1.0,12.5,13.75,12.5,13.75,,,
,ANCHOVIES 720GM TIN,107,0.0,2.0,10.25,10.25,20.5,20.5,2.0,10.25,10.25,20.5,20.5,,,
,PIECES RAW CASHEW 1KG,107,0.0,2.0,12.6,12.6,25.2,25.2,2.0,12.6,12.6,25.2,25.2,,,
,MOROCCAN SEASONING 1 KG,107,0.0,1.0,12.5,12.5,12.5,12.5,1.0,12.5,12.5,12.5,12.5,,,
,GLOVES LG VINYL C-GVOOOS,107,10.0,2.0,2.9,3.19,5.8,6.38,2.0,2.9,3.19,5.8,6.38,,,
,GLOVES MD VINYL C-GV0002,107,10.0,2.0,2.9,3.19,5.8,6.38,2.0,2.9,3.19,5.8,6.38,,,
,GLOVE XTR LARGE PK100 PO,107,10.0,5.0,2.9,3.19,14.5,15.95,5.0,2.9,3.19,14.5,15.95,,,
,HD WIPES BL ROLL 85 C-Wh,107,10.0,1.0,10.9,11.99,10.9,11.99,1.0,10.9,11.99,10.9,11.99,,,
,MAINLAND MOZ2 SHRED 2KG,107,0.0,54.0,15.95,15.95,861.3,861.3,54.0,15.95,15.95,861.3,861.3,,,
,CW BAKERS FLOUR 12.5KG,108,0.0,6.0,12.75,12.75,76.5,76.5,6.0,12.75,12.75,76.5,76.5,,,
,JALAPENOS SLICED A10 TIN,108,0.0,1.0,8.95,8.95,8.95,8.95,1.0,8.95,8.95,8.95,8.95,,,
,SLICED PEPERONI • HANS 1,108,0.0,5.0,12.25,12.25,61.25,61.25,6.0,12.25,12.25,73.5,73.5,,,
,ANCHOVIES 720GM TIN,108,0.0,2.0,10.25,10.25,20.5,20.5,2.0,10.25,10.25,20.5,20.5,,,
,PIECES RAW CASHEW 1KG,108,0.0,2.0,12.6,12.6,25.2,25.2,2.0,12.6,12.6,25.2,25.2,,,
,GLOVES LG VINYL C-GVOOOS,108,10.0,1.0,2.9,3.19,2.9,3.19,1.0,2.9,3.19,2.9,3.19,,,
,GLOVES MD VINYL C-GV0002,108,10.0,1.0,2.9,3.19,2.9,3.19,1.0,2.9,3.19,2.9,3.19,,,
,GLOVE XTR/LARGE PK100 PO,108,10.0,5.0,2.9,3.19,14.5,15.95,5.0,2.9,3.19,14.5,15.95,,,
,MAINLAND MOZZ SHRED 2KG,108,0.0,54.0,15.95,15.95,861.3,861.3,54.0,15.95,15.95,861.3,861.3,,,
,SALAMI HUNGARIAN 1.5 KG,108,0.0,2.0,20.95,20.95,41.9,41.9,2.0,20.95,20.95,41.9,41.9,,,
,CW BAKERS FLOUR 12.5KG,109,0.0,14.0,12.75,12.75,178.5,178.5,14.0,12.75,12.75,178.5,178.5,,,
,AYAM COCONUT CREAM 400ML,109,0.0,24.0,2.9,2.9,69.6,69.6,24.0,2.9,2.9,69.6,69.6,,,
,MUTTI HERB SAUCE 4LT<3),109,0.0,3.0,10.5,10.5,31.5,31.5,3.0,10.5,10.5,31.5,31.5,,,
,JALAPENOS SLICED A10 TIN,109,0.0,1.0,8.95,8.95,8.95,8.95,1.0,8.95,8.95,8.95,8.95,,,
,SLICED PEPERONI - HANS 1,109,0.0,7.0,12.25,12.25,85.75,85.75,7.0,12.25,12.25,85.75,85.75,,,
,CRUSHED TOMATOES RIV TDK,109,0.0,2.0,18.29,18.29,36.58,36.58,2.0,18.29,18.29,36.58,36.58,,,
,CHAMPIGNONS PIECE &STEM2,109,0.0,3.0,10.95,10.95,32.85,32.85,3.0,10.95,10.95,32.85,32.85,,,
,PIECES RAW CASHEW 1KG,109,0.0,1.0,12.6,12.6,12.6,12.6,1.0,12.6,12.6,12.6,12.6,,,
,GLOVES LG VINYL C-GV0003,109,10.0,2.0,2.9,3.19,5.8,6.38,2.0,2.9,3.19,5.8,6.38,,,
,GLOVES MD VINYL C-GV0002,109,10.0,1.0,2.9,3.19,2.9,3.19,1.0,2.9,3.19,2.9,3.19,,,
,GLOVE XTR LARGE PK100 PO,109,10.0,6.0,2.9,3.19,17.4,19.14,6.0,2.9,3.19,17.4,19.14,,,
,MAINLAND MOZZ SHRED 2KG,109,0.0,48.0,15.95,15.95,765.6,765.6,48.0,15.95,15.95,765.6,765.6,,,
,THICK CREAM 5L BTL,110,0.0,3.0,17.0,17.0,51.0,51.0,3.0,17.0,17.0,51.0,51.0,,,
,JALAPENOS SLICED A10 TIN,110,0.0,1.0,6.5,6.5,6.5,6.5,1.0,6.5,6.5,6.5,6.5,,,
,SLICED PEPEROHI - HANS 1,110,0.0,5.0,12.25,12.25,61.25,61.25,5.0,12.25,12.25,61.25,61.25,,,
,BAM FRESH BASIL PEST02LT,110,0.0,1.0,22.95,22.95,22.95,22.95,1.0,22.95,22.95,22.95,22.95,,,
,CW LAUNDRY LIQUID SLT,110,10.0,1.0,12.5,13.75,12.5,13.75,1.0,12.5,13.75,12.5,13.75,,,
,CRUSHED TOMATOES RIV 10K,110,0.0,4.0,18.29,18.29,73.16,73.16,4.0,18.29,18.29,73.16,73.16,,,
,ANCHOVIES 720GM TIN,110,0.0,1.0,10.25,10.25,10.25,10.25,1.0,10.25,10.25,10.25,10.25,,,
,P APPLE PIZZA CUT SY 3KG,110,0.0,15.0,6.2,6.2,93.0,93.0,15.0,6.2,6.2,93.0,93.0,,,
,GLOVES LG VINYL C-GVOOOO,110,10.0,2.0,2.9,3.19,5.8,6.38,2.0,2.9,3.19,5.8,6.38,,,
,GLOVES MD VINYL C-GV0OO2,110,10.0,2.0,2.9,3.19,5.8,6.38,2.0,2.9,3.19,5.8,6.38,,,
,GLOVE XTR LARGE PK1O0 PC,110,10.0,2.0,2.9,3.19,5.8,6.38,2.0,2.9,3.19,5.8,6.38,,,
,MAINLAND MOZZ SHRED 2KG,110,0.0,23.0,15.95,15.95,366.85,366.85,23.0,15.95,15.95,366.85,366.85,,,
,MLAND SWISS SLICE 1KG(10,110,0.0,2.0,17.6,17.6,35.2,35.2,2.0,17.6,17.6,35.2,35.2,,,
,THICK CREAM 5L BTL,111,0.0,3.0,17.0,17.0,51.0,51.0,3.0,17.0,17.0,51.0,51.0,,,
,CW BAKERS FLOUR 12.5KG,111,0.0,14.0,12.75,12.75,178.5,178.5,14.0,12.75,12.75,178.5,178.5,,,
,JALAPENOS SLICED A10 TIN,111,0.0,1.0,6.5,6.5,6.5,6.5,1.0,6.5,6.5,6.5,6.5,,,
,SLICED PEPERONI - HANS 1,111,0.0,7.0,12.25,12.25,85.75,85.75,7.0,12.25,12.25,85.75,85.75,,,
,BAM FRESH BASIL PEST02LT,111,0.0,1.0,22.95,22.95,22.95,22.95,1.0,22.95,22.95,22.95,22.95,,,
,AIOLI GARLIC SAUCE 1KG,111,0.0,1.0,9.75,9.75,9.75,9.75,1.0,9.75,9.75,9.75,9.75,,,
,FRENCH M HOLLANDAISE SAU,111,0.0,1.0,8.95,8.95,8.95,8.95,1.0,8.95,8.95,8.95,8.95,,,
,CW LAUNDRY LIQUID 5LT *,111,10.0,1.0,12.5,13.75,12.5,13.75,1.0,12.5,13.75,12.5,13.75,,,
,CRUSHED TOMATOES RIV 10K,111,0.0,4.0,18.29,18.29,73.16,73.16,4.0,18.29,18.29,73.16,73.16,,,
,WOMBAT CAESAR DRESSING 1,111,0.0,1.0,7.2,7.2,7.2,7.2,1.0,7.2,7.2,7.2,7.2,,,
,GLOVES LG VINYL C-GV0003,111,10.0,1.0,2.9,3.19,2.9,3.19,1.0,2.9,3.19,2.9,3.19,,,
,GLOVES MD VINYL C-GV0002,111,10.0,1.0,2.9,3.19,2.9,3.19,1.0,2.9,3.19,2.9,3.19,,,
,ROLL TOWEL PREM BOX (1SX,111,10.0,1.0,53.6,58.96,53.6,58.96,1.0,53.6,58.96,53.6,58.96,,,
,GLOVE XTR LARGE PK100 PO,111,10.0,7.0,2.9,3.19,20.3,22.33,7.0,2.9,3.19,20.3,22.33,,,
,MAINLAND MOZZ SHRED 2KG,111,0.0,46.0,15.95,15.95,733.7,733.7,48.0,15.95,15.95,765.6,765.6,,,
,MLAND SWISS SLICE 1KG(10,111,0.0,2.0,17.6,17.6,35.2,35.2,2.0,17.6,17.6,35.2,35.2,,,
,B/S YOGURT GREEK 10KG,111,0.0,1.0,30.95,30.95,30.95,30.95,1.0,30.95,30.95,30.95,30.95,,,
,THICK CREAM 5L BTL,112,0.0,3.0,17.0,17.0,51.0,51.0,3.0,17.0,17.0,51.0,51.0,,,
,CW BAKERS FLOUR 12.5KG,112,0.0,12.0,12.75,12.75,153.0,153.0,12.0,12.75,12.75,153.0,153.0,,,
,AYAM COCONUT CREAM 400ML,112,0.0,12.0,2.9,2.9,34.8,34.8,12.0,2.9,2.9,34.8,34.8,,,
,SLICED PEPERONI - HANS 1,112,0.0,8.0,12.25,12.25,98.0,98.0,8.0,12.25,12.25,98.0,98.0,,,
,BAM FRESH BASIL PESTQ2LT,112,0.0,1.0,22.95,22.95,22.95,22.95,1.0,22.95,22.95,22.95,22.95,,,
,CRUSHED TOMATOES RIV 10K,112,0.0,4.0,18.29,18.29,73.16,73.16,4.0,18.29,18.29,73.16,73.16,,,
,ANCHOVIES 720GM TIN,112,0.0,1.0,10.25,10.25,10.25,10.25,1.0,10.25,10.25,10.25,10.25,,,
,GLOVES LG VINYL C-GV0003,112,10.0,2.0,2.9,3.19,5.8,6.38,2.0,2.9,3.19,5.8,6.38,,,
,GLOVES MD VINYL C-GV0OO2,112,10.0,2.0,2.9,3.19,5.8,6.38,2.0,2.9,3.19,5.8,6.38,,,
,GLOVE XTR'LARGE PK100 PO,112,10.0,5.0,2.9,3.19,14.5,15.95,5.0,2.9,3.19,14.5,15.95,,,
,MAINLAND MOZZ SHRED 2KG,112,0.0,54.0,15.95,15.95,861.3,861.3,54.0,15.95,15.95,861.3,861.3,,,
,MLAND SWISS SLICE 1KG(10,112,0.0,2.0,17.6,17.6,35.2,35.2,2.0,17.6,17.6,35.2,35.2,,,
,YEAST DRY ANGEST 500G,112,0.0,20.0,2.5,2.5,50.0,50.0,20.0,2.5,2.5,50.0,50.0,,,
,THICK CREAM 5L STL,113,0.0,4.0,17.0,17.0,68.0,68.0,4.0,17.0,17.0,68.0,68.0,,,
,CW BAKERS FLOUR 12.5KG,113,0.0,8.0,12.75,12.75,102.0,102.0,8.0,12.75,12.75,102.0,102.0,,,
,AY AM COCONUT CREAM 400ML,113,0.0,12.0,2.9,2.9,34.8,34.8,12.0,2.9,2.9,34.8,34.8,,,
,JALAPEN05 SLICED A10 TIN,113,0.0,2.0,6.5,6.5,13.0,13.0,2.0,6.5,6.5,13.0,13.0,,,
,SLICED PEPERONI • HANS 1,113,0.0,7.0,12.25,12.25,85.75,85.75,7.0,12.25,12.25,85.75,85.75,,,
,BAM FRESH BASIL PESTQ2LT,113,0.0,2.0,22.95,22.95,45.9,45.9,2.0,22.95,22.95,45.9,45.9,,,
,CRUSHED TOMATOES RIV 1QK,113,0.0,4.0,18.29,18.29,73.16,73.16,4.0,18.29,18.29,73.16,73.16,,,
,PIECES RAW CASHEW 1KG,113,0.0,2.0,12.6,12.6,25.2,25.2,2.0,12.6,12.6,25.2,25.2,,,
,MOROCCAN SEASONING 1KG,113,0.0,2.0,12.5,12.5,25.0,25.0,2.0,12.5,12.5,25.0,25.0,,,
,HEINZ TOMATO PASTE 3.1 SK,113,0.0,2.0,9.95,9.95,19.9,19.9,2.0,9.95,9.95,19.9,19.9,,,
,GLOVES LG VINYL C-GV0003,113,10.0,2.0,2.9,3.19,5.8,6.38,2.0,2.9,3.19,5.8,6.38,,,
,GLOVES MB VINYL C-GVOOC2,113,10.0,1.0,2.9,3.19,2.9,3.19,1.0,2.9,3.19,2.9,3.19,,,
,TEASPOON WHITE (TOO),113,10.0,3.0,1.38,1.518,4.14,4.554,3.0,1.38,1.518,4.1364,4.55,,,
,GLOVE XTRLARGE PK100 PO,113,10.0,6.0,2.9,3.19,17.4,19.14,6.0,2.9,3.19,17.4,19.14,,,
,MAINLAND MOZZ SHRED 2KG,113,0.0,48.0,15.95,15.95,765.6,765.6,48.0,15.95,15.95,765.6,765.6,,,
,MLAND SWISS SLICE 1KG(10,113,0.0,2.0,17.6,17.6,35.2,35.2,2.0,17.6,17.6,35.2,35.2,,,
,B/S YOGURT GREEK 10KG,113,0.0,1.0,28.95,28.95,28.95,28.95,1.0,28.95,28.95,28.95,28.95,,,
